{"epoch": 0, "train_accuracy": 0.6851665596258013, "train_loss": 1913.4222601652145, "train_mean": 0.02318653296856894, "dev_accuracy": 0.679, "dev_loss": 7911.244217813015, "dev_mean": 0.7911244217813015, "Report": {"-": {"precision": 0.0, "recall": 0.0, "f1-score": 0.0, "support": 158}, "contradiction": {"precision": 0.8292583537082314, "recall": 0.6208053691275168, "f1-score": 0.7100488485694347, "support": 3278}, "entailment": {"precision": 0.8313508920985556, "recall": 0.5878642234905377, "f1-score": 0.6887207460848143, "support": 3329}, "neutral": {"precision": 0.539291217257319, "recall": 0.865533230293663, "f1-score": 0.6645306752106325, "support": 3235}, "micro avg": {"precision": 0.6792, "recall": 0.6792, "f1-score": 0.6792, "support": 10000}, "macro avg": {"precision": 0.5499751157660264, "recall": 0.5185507057279294, "f1-score": 0.5158250674662204, "support": 10000}, "weighted avg": {"precision": 0.7230483091079101, "recall": 0.6792, "f1-score": 0.677004822363335, "support": 10000}}}
{"epoch": 1, "train_accuracy": 0.7629145813894308, "train_loss": 1531.515043720603, "train_mean": 0.018558644786551663, "dev_accuracy": 0.704, "dev_loss": 7659.301919639111, "dev_mean": 0.7659301919639111, "Report": {"-": {"precision": 0.0, "recall": 0.0, "f1-score": 0.0, "support": 158}, "contradiction": {"precision": 0.8311836115326252, "recall": 0.6683953630262355, "f1-score": 0.7409536692593844, "support": 3278}, "entailment": {"precision": 0.8424068767908309, "recall": 0.6182036647641934, "f1-score": 0.7130977130977131, "support": 3329}, "neutral": {"precision": 0.5677707782970941, "recall": 0.863678516228748, "f1-score": 0.6851397743992154, "support": 3235}, "micro avg": {"precision": 0.7043, "recall": 0.7043, "f1-score": 0.7043, "support": 10000}, "macro avg": {"precision": 0.5603403166551376, "recall": 0.5375693860047942, "f1-score": 0.5347977891890783, "support": 10000}, "weighted avg": {"precision": 0.7365730839231721, "recall": 0.7043, "f1-score": 0.7019175584916011, "support": 10000}}}
