{"epoch": 0, "train_accuracy": 0.6247750613469054, "train_loss": 1443.9955088496208, "train_mean": 0.026247305441236404, "dev_accuracy": 0.623, "dev_loss": 9012.843427836895, "dev_mean": 0.9012843427836895, "Report": {"-": {"precision": 0.0, "recall": 0.0, "f1-score": 0.0, "support": 158}, "contradiction": {"precision": 0.5258336386954928, "recall": 0.8755338621110433, "f1-score": 0.657051282051282, "support": 3278}, "entailment": {"precision": 0.7806935332708529, "recall": 0.5004505857614899, "f1-score": 0.6099212886692293, "support": 3329}, "neutral": {"precision": 0.7022425249169435, "recall": 0.5227202472952086, "f1-score": 0.5993265993265994, "support": 3235}, "micro avg": {"precision": 0.6227, "recall": 0.6227, "f1-score": 0.6227, "support": 10000}, "macro avg": {"precision": 0.5021924242208222, "recall": 0.47467617379193544, "f1-score": 0.4665747925117777, "support": 10000}, "weighted avg": {"precision": 0.6594366008008806, "recall": 0.6227, "f1-score": 0.6123063621365517, "support": 10000}}}
{"epoch": 1, "train_accuracy": 0.7252567481595928, "train_loss": 1141.0428559184074, "train_mean": 0.020740577222910252, "dev_accuracy": 0.67, "dev_loss": 8428.66178482771, "dev_mean": 0.8428661784827709, "Report": {"-": {"precision": 0.0, "recall": 0.0, "f1-score": 0.0, "support": 158}, "contradiction": {"precision": 0.5820834189439079, "recall": 0.8642464917632703, "f1-score": 0.6956414978514427, "support": 3278}, "entailment": {"precision": 0.7742530431575064, "recall": 0.6305196755782517, "f1-score": 0.6950331125827814, "support": 3329}, "neutral": {"precision": 0.7295623451692815, "recall": 0.5462132921174653, "f1-score": 0.6247127452713452, "support": 3235}, "micro avg": {"precision": 0.6699, "recall": 0.6699, "f1-score": 0.6699, "support": 10000}, "macro avg": {"precision": 0.521474701817674, "recall": 0.5102448648647468, "f1-score": 0.5038468389263924, "support": 10000}, "weighted avg": {"precision": 0.6845692014592095, "recall": 0.6699, "f1-score": 0.6615023792697909, "support": 10000}}}
{"epoch": 2, "train_accuracy": 0.7974188857584296, "train_loss": 880.4394661262631, "train_mean": 0.016003625668022596, "dev_accuracy": 0.703, "dev_loss": 8034.995117068291, "dev_mean": 0.8034995117068291, "Report": {"-": {"precision": 0.0, "recall": 0.0, "f1-score": 0.0, "support": 158}, "contradiction": {"precision": 0.6875838026280504, "recall": 0.7821842586943258, "f1-score": 0.7318395889824462, "support": 3278}, "entailment": {"precision": 0.7383120825743776, "recall": 0.7305497146290177, "f1-score": 0.734410388041673, "support": 3329}, "neutral": {"precision": 0.6845817937520994, "recall": 0.629984544049459, "f1-score": 0.6561493882807469, "support": 3235}, "micro avg": {"precision": 0.7034, "recall": 0.7034, "f1-score": 0.7034, "support": 10000}, "macro avg": {"precision": 0.5276194197386318, "recall": 0.5356796293432007, "f1-score": 0.5305998413262165, "support": 10000}, "weighted avg": {"precision": 0.6926362730692894, "recall": 0.7034, "f1-score": 0.6966465625563405, "support": 10000}}}
{"epoch": 3, "train_accuracy": 0.8675815686630919, "train_loss": 605.1957745626569, "train_mean": 0.011000559384943322, "dev_accuracy": 0.698, "dev_loss": 9412.124656915665, "dev_mean": 0.9412124656915665, "Report": {"-": {"precision": 0.0, "recall": 0.0, "f1-score": 0.0, "support": 158}, "contradiction": {"precision": 0.6745639156469669, "recall": 0.7904209884075656, "f1-score": 0.7279112234864448, "support": 3278}, "entailment": {"precision": 0.7145237434046098, "recall": 0.7729047762090718, "f1-score": 0.7425685425685427, "support": 3329}, "neutral": {"precision": 0.7118842845973417, "recall": 0.5629057187017001, "f1-score": 0.6286897980321078, "support": 3235}, "micro avg": {"precision": 0.6985, "recall": 0.6985, "f1-score": 0.6985, "support": 10000}, "macro avg": {"precision": 0.5252429859122296, "recall": 0.5315578708295844, "f1-score": 0.5247923910217738, "support": 10000}, "weighted avg": {"precision": 0.6892815717957103, "recall": 0.6985, "f1-score": 0.6891915165433113, "support": 10000}}}
{"epoch": 4, "train_accuracy": 0.9015177678814869, "train_loss": 449.41974150855094, "train_mean": 0.008169040107398908, "dev_accuracy": 0.663, "dev_loss": 14435.949138462543, "dev_mean": 1.4435949138462543, "Report": {"-": {"precision": 0.0, "recall": 0.0, "f1-score": 0.0, "support": 158}, "contradiction": {"precision": 0.5971404541631623, "recall": 0.8663819402074435, "f1-score": 0.7069952701020663, "support": 3278}, "entailment": {"precision": 0.840919540229885, "recall": 0.5494142385100631, "f1-score": 0.6646075581395349, "support": 3329}, "neutral": {"precision": 0.6392961876832844, "recall": 0.6064914992272025, "f1-score": 0.6224619289340101, "support": 3235}, "micro avg": {"precision": 0.6631, "recall": 0.6631, "f1-score": 0.6631, "support": 10000}, "macro avg": {"precision": 0.5193390455190829, "recall": 0.5055719194861773, "f1-score": 0.49851618929390284, "support": 10000}, "weighted avg": {"precision": 0.6824970725327558, "recall": 0.6631, "f1-score": 0.6543673396542607, "support": 10000}}}
