{"epoch": 0, "train_accuracy": 0.6291579317281243, "train_loss": 2146.398151397705, "train_mean": 0.02600969610166505, "dev_accuracy": 0.672, "dev_loss": 8168.078755378723, "dev_mean": 0.8168078755378723, "Report": {"-": {"precision": 0.0, "recall": 0.0, "f1-score": 0.0, "support": 158}, "contradiction": {"precision": 0.7103361608545398, "recall": 0.6897498474679683, "f1-score": 0.6998916576381365, "support": 3278}, "entailment": {"precision": 0.7031498568246898, "recall": 0.6638630219285071, "f1-score": 0.6829419035846725, "support": 3329}, "neutral": {"precision": 0.6135002721829069, "recall": 0.6967542503863987, "f1-score": 0.652482269503546, "support": 3235}, "micro avg": {"precision": 0.6725, "recall": 0.6725, "f1-score": 0.6725, "support": 10000}, "macro avg": {"precision": 0.5067465724655341, "recall": 0.5125917799457185, "f1-score": 0.5088289576815888, "support": 10000}, "weighted avg": {"precision": 0.6653941189162278, "recall": 0.6725, "f1-score": 0.6678538592615159, "support": 10000}}}
{"epoch": 1, "train_accuracy": 0.7219805387588915, "train_loss": 1736.1270673274994, "train_mean": 0.02103809928538104, "dev_accuracy": 0.705, "dev_loss": 7505.685206711292, "dev_mean": 0.7505685206711292, "Report": {"-": {"precision": 0.0, "recall": 0.0, "f1-score": 0.0, "support": 158}, "contradiction": {"precision": 0.7217729859239294, "recall": 0.7352043929225137, "f1-score": 0.7284267795073296, "support": 3278}, "entailment": {"precision": 0.7274639423076923, "recall": 0.7272454190447581, "f1-score": 0.7273546642631816, "support": 3329}, "neutral": {"precision": 0.6648664866486649, "recall": 0.6850077279752704, "f1-score": 0.6747868453105969, "support": 3235}, "micro avg": {"precision": 0.7047, "recall": 0.7047, "f1-score": 0.7047, "support": 10000}, "macro avg": {"precision": 0.5285258537200717, "recall": 0.5368643849856356, "f1-score": 0.532642072270277, "support": 10000}, "weighted avg": {"precision": 0.693854239610938, "recall": 0.7047, "f1-score": 0.699208210513694, "support": 10000}}}
