{"epoch": 0, "train_accuracy": 0.624865945651186, "train_loss": 723.6407495737076, "train_mean": 0.013153517214827003, "dev_accuracy": 0.637, "dev_loss": 8920.204892992973, "dev_mean": 0.8920204892992973, "Report": {"-": {"precision": 0.0, "recall": 0.0, "f1-score": 0.0, "support": 158}, "contradiction": {"precision": 0.5496531219028742, "recall": 0.8459426479560708, "f1-score": 0.6663462693740239, "support": 3278}, "entailment": {"precision": 0.774814167031045, "recall": 0.5322919795734454, "f1-score": 0.631054131054131, "support": 3329}, "neutral": {"precision": 0.684407796101949, "recall": 0.5644513137557959, "f1-score": 0.6186684736574622, "support": 3235}, "micro avg": {"precision": 0.6371, "recall": 0.6371, "f1-score": 0.6371, "support": 10000}, "macro avg": {"precision": 0.5022187712589671, "recall": 0.4856714853213281, "f1-score": 0.4790172185214042, "support": 10000}, "weighted avg": {"precision": 0.6595178516033775, "recall": 0.6371, "f1-score": 0.6286454785569142, "support": 10000}}}
{"epoch": 1, "train_accuracy": 0.7216759065709352, "train_loss": 577.1519922912121, "train_mean": 0.010490811456715661, "dev_accuracy": 0.684, "dev_loss": 8228.781416594982, "dev_mean": 0.8228781416594982, "Report": {"-": {"precision": 0.0, "recall": 0.0, "f1-score": 0.0, "support": 158}, "contradiction": {"precision": 0.630531491453992, "recall": 0.8215375228798047, "f1-score": 0.7134719830441119, "support": 3278}, "entailment": {"precision": 0.7793077781912914, "recall": 0.629017723039952, "f1-score": 0.6961436170212767, "support": 3329}, "neutral": {"precision": 0.6745562130177515, "recall": 0.6343122102009273, "f1-score": 0.6538155169667039, "support": 3235}, "micro avg": {"precision": 0.6839, "recall": 0.6839, "f1-score": 0.6839, "support": 10000}, "macro avg": {"precision": 0.5210988706657587, "recall": 0.521216864030171, "f1-score": 0.5158577792580231, "support": 10000}, "weighted avg": {"precision": 0.684338717169742, "recall": 0.6839, "f1-score": 0.6771316458869716, "support": 10000}}}
{"epoch": 2, "train_accuracy": 0.7885667545214942, "train_loss": 458.99709391593933, "train_mean": 0.00834312630947813, "dev_accuracy": 0.694, "dev_loss": 8522.685436427593, "dev_mean": 0.8522685436427593, "Report": {"-": {"precision": 0.0, "recall": 0.0, "f1-score": 0.0, "support": 158}, "contradiction": {"precision": 0.6664088682650168, "recall": 0.7885906040268457, "f1-score": 0.7223697079782031, "support": 3278}, "entailment": {"precision": 0.7796795338674436, "recall": 0.64313607689997, "f1-score": 0.7048559670781893, "support": 3329}, "neutral": {"precision": 0.6562962962962963, "recall": 0.6846986089644513, "f1-score": 0.670196671709531, "support": 3235}, "micro avg": {"precision": 0.6941, "recall": 0.6941, "f1-score": 0.6941, "support": 10000}, "macro avg": {"precision": 0.5255961746071891, "recall": 0.5291063224728167, "f1-score": 0.5243555866914809, "support": 10000}, "weighted avg": {"precision": 0.6903159956935964, "recall": 0.6941, "f1-score": 0.6882479650136174, "support": 10000}}}
{"epoch": 3, "train_accuracy": 0.8533127328910297, "train_loss": 330.70360650122166, "train_mean": 0.006011153439993123, "dev_accuracy": 0.7, "dev_loss": 9001.764070391655, "dev_mean": 0.9001764070391655, "Report": {"-": {"precision": 0.0, "recall": 0.0, "f1-score": 0.0, "support": 158}, "contradiction": {"precision": 0.7035472972972973, "recall": 0.7623550945698597, "f1-score": 0.7317715959004393, "support": 3278}, "entailment": {"precision": 0.69641412779725, "recall": 0.7759086812856714, "f1-score": 0.7340153452685423, "support": 3329}, "neutral": {"precision": 0.7006206644760862, "recall": 0.5931993817619784, "f1-score": 0.6424506193505188, "support": 3235}, "micro avg": {"precision": 0.7001, "recall": 0.7001, "f1-score": 0.7001, "support": 10000}, "macro avg": {"precision": 0.5251455223926584, "recall": 0.5328657894043773, "f1-score": 0.527059390129875, "support": 10000}, "weighted avg": {"precision": 0.6891098521557724, "recall": 0.7001, "f1-score": 0.6920612129359546, "support": 10000}}}
{"epoch": 4, "train_accuracy": 0.8942106698173226, "train_loss": 239.82342677935958, "train_mean": 0.004359237058608735, "dev_accuracy": 0.699, "dev_loss": 10366.553880155087, "dev_mean": 1.0366553880155087, "Report": {"-": {"precision": 0.0, "recall": 0.0, "f1-score": 0.0, "support": 158}, "contradiction": {"precision": 0.8224970083765457, "recall": 0.6290420988407566, "f1-score": 0.7128781331028523, "support": 3278}, "entailment": {"precision": 0.6400619058147248, "recall": 0.8696305196755783, "f1-score": 0.7373917473255223, "support": 3329}, "neutral": {"precision": 0.6835016835016835, "recall": 0.6275115919629057, "f1-score": 0.6543110394842868, "support": 3235}, "micro avg": {"precision": 0.6987, "recall": 0.6987, "f1-score": 0.6987, "support": 10000}, "macro avg": {"precision": 0.5365151494232385, "recall": 0.5315460526198101, "f1-score": 0.5261452299781654, "support": 10000}, "weighted avg": {"precision": 0.7038039224043481, "recall": 0.6987, "f1-score": 0.690828785988948, "support": 10000}}}
