{"epoch": 0, "train_accuracy": 0.6208852131236935, "train_loss": 1451.534658640623, "train_mean": 0.026384343517960977, "dev_accuracy": 0.651, "dev_loss": 8677.479634344578, "dev_mean": 0.8677479634344578, "Report": {"-": {"precision": 0.0, "recall": 0.0, "f1-score": 0.0, "support": 158}, "contradiction": {"precision": 0.5774528501801229, "recall": 0.8312995729103112, "f1-score": 0.6815055645867201, "support": 3278}, "entailment": {"precision": 0.7377170299224234, "recall": 0.599879843796936, "f1-score": 0.6616964877402253, "support": 3329}, "neutral": {"precision": 0.6938616938616938, "recall": 0.5520865533230294, "f1-score": 0.6149079015321054, "support": 3235}, "micro avg": {"precision": 0.6508, "recall": 0.6508, "f1-score": 0.6508, "support": 10000}, "macro avg": {"precision": 0.5022578934910601, "recall": 0.4958164925075691, "f1-score": 0.4895274884647627, "support": 10000}, "weighted avg": {"precision": 0.659339301514477, "recall": 0.6508, "f1-score": 0.6425989909858839, "support": 10000}}}
