{"epoch": 0, "train_accuracy": 0.627792420249023, "train_loss": 1439.4710248708725, "train_mean": 0.026165064525508906, "dev_accuracy": 0.639, "dev_loss": 8933.895640730858, "dev_mean": 0.8933895640730858, "Report": {"-": {"precision": 0.0, "recall": 0.0, "f1-score": 0.0, "support": 158}, "contradiction": {"precision": 0.5680100755667506, "recall": 0.825503355704698, "f1-score": 0.6729669236508331, "support": 3278}, "entailment": {"precision": 0.7759004001778568, "recall": 0.5241814358666266, "f1-score": 0.62567228397275, "support": 3329}, "neutral": {"precision": 0.6488115165718111, "recall": 0.5990726429675425, "f1-score": 0.6229508196721311, "support": 3235}, "micro avg": {"precision": 0.6389, "recall": 0.6389, "f1-score": 0.6389, "support": 10000}, "macro avg": {"precision": 0.49818049807910464, "recall": 0.4871893586347168, "f1-score": 0.48039750682392857, "support": 10000}, "weighted avg": {"precision": 0.6543814716009704, "recall": 0.6389, "f1-score": 0.6304094510712059, "support": 10000}}}
{"epoch": 1, "train_accuracy": 0.7137689720985186, "train_loss": 1181.9833231568336, "train_mean": 0.021484746399288077, "dev_accuracy": 0.667, "dev_loss": 8356.614961743355, "dev_mean": 0.8356614961743355, "Report": {"-": {"precision": 0.0, "recall": 0.0, "f1-score": 0.0, "support": 158}, "contradiction": {"precision": 0.6198501872659176, "recall": 0.8078096400244051, "f1-score": 0.7014569536423841, "support": 3278}, "entailment": {"precision": 0.795425667090216, "recall": 0.564133373385401, "f1-score": 0.6601054481546573, "support": 3329}, "neutral": {"precision": 0.6361746361746362, "recall": 0.6621329211746523, "f1-score": 0.6488942744622843, "support": 3235}, "micro avg": {"precision": 0.6668, "recall": 0.6668, "f1-score": 0.6668, "support": 10000}, "macro avg": {"precision": 0.5128626226326924, "recall": 0.5085189836461146, "f1-score": 0.5026141690648315, "support": 10000}, "weighted avg": {"precision": 0.6737865907625955, "recall": 0.6668, "f1-score": 0.6596039908832079, "support": 10000}}}
{"epoch": 2, "train_accuracy": 0.7670998818504045, "train_loss": 989.3358431607485, "train_mean": 0.017983019961115124, "dev_accuracy": 0.687, "dev_loss": 8143.978623688221, "dev_mean": 0.8143978623688221, "Report": {"-": {"precision": 0.0, "recall": 0.0, "f1-score": 0.0, "support": 158}, "contradiction": {"precision": 0.617011701170117, "recall": 0.8364856619890177, "f1-score": 0.7101787101787101, "support": 3278}, "entailment": {"precision": 0.7845528455284553, "recall": 0.6377290477620907, "f1-score": 0.7035625517812759, "support": 3329}, "neutral": {"precision": 0.7024561403508772, "recall": 0.618856259659969, "f1-score": 0.6580115036976171, "support": 3235}, "micro avg": {"precision": 0.6867, "recall": 0.6867, "f1-score": 0.6867, "support": 10000}, "macro avg": {"precision": 0.5260051717623624, "recall": 0.5232677423527694, "f1-score": 0.5179381914144008, "support": 10000}, "weighted avg": {"precision": 0.6906786393234959, "recall": 0.6867, "f1-score": 0.6798792761307471, "support": 10000}}}
{"epoch": 3, "train_accuracy": 0.8222484776879033, "train_loss": 770.3681472316384, "train_mean": 0.014002874620224273, "dev_accuracy": 0.695, "dev_loss": 8438.653227329254, "dev_mean": 0.8438653227329254, "Report": {"-": {"precision": 0.0, "recall": 0.0, "f1-score": 0.0, "support": 158}, "contradiction": {"precision": 0.6673612920031258, "recall": 0.7815741305674192, "f1-score": 0.7199662779260925, "support": 3278}, "entailment": {"precision": 0.7274357441721458, "recall": 0.7311504956443377, "f1-score": 0.7292883895131087, "support": 3329}, "neutral": {"precision": 0.6941385435168739, "recall": 0.6040185471406492, "f1-score": 0.6459504132231405, "support": 3235}, "micro avg": {"precision": 0.695, "recall": 0.695, "f1-score": 0.695, "support": 10000}, "macro avg": {"precision": 0.5222338949230364, "recall": 0.5291857933381015, "f1-score": 0.5238012701655854, "support": 10000}, "weighted avg": {"precision": 0.6854782095812406, "recall": 0.695, "f1-score": 0.687750009450773, "support": 10000}}}
{"epoch": 4, "train_accuracy": 0.870253567208943, "train_loss": 581.373044770211, "train_mean": 0.010567536940292848, "dev_accuracy": 0.702, "dev_loss": 9557.282209813595, "dev_mean": 0.9557282209813595, "Report": {"-": {"precision": 0.0, "recall": 0.0, "f1-score": 0.0, "support": 158}, "contradiction": {"precision": 0.726875, "recall": 0.7095790115924344, "f1-score": 0.7181228774313059, "support": 3278}, "entailment": {"precision": 0.7511946479770628, "recall": 0.7083208170621809, "f1-score": 0.7291280148423006, "support": 3329}, "neutral": {"precision": 0.6383501775471183, "recall": 0.7224111282843895, "f1-score": 0.677784222737819, "support": 3235}, "micro avg": {"precision": 0.7021, "recall": 0.7021, "f1-score": 0.7021, "support": 10000}, "macro avg": {"precision": 0.5291049563810453, "recall": 0.5350777392347512, "f1-score": 0.5312587787528564, "support": 10000}, "weighted avg": {"precision": 0.694848605748057, "recall": 0.7021, "f1-score": 0.6973905914186683, "support": 10000}}}
