{"epoch": 0, "train_accuracy": 0.646050192067666, "train_loss": 2074.183402210474, "train_mean": 0.025134609771948112, "dev_accuracy": 0.682, "dev_loss": 8014.3541350364685, "dev_mean": 0.8014354135036469, "Report": {"-": {"precision": 0.0, "recall": 0.0, "f1-score": 0.0, "support": 158}, "contradiction": {"precision": 0.6920279720279721, "recall": 0.7547284929835265, "f1-score": 0.7220195534802276, "support": 3278}, "entailment": {"precision": 0.7727272727272727, "recall": 0.6127966356263143, "f1-score": 0.683531579829117, "support": 3329}, "neutral": {"precision": 0.6087186261558785, "recall": 0.712210200927357, "f1-score": 0.6564102564102563, "support": 3235}, "micro avg": {"precision": 0.6818, "recall": 0.6818, "f1-score": 0.6818, "support": 10000}, "macro avg": {"precision": 0.5183684677277808, "recall": 0.5199338323842995, "f1-score": 0.5154903474299002, "support": 10000}, "weighted avg": {"precision": 0.681008153883105, "recall": 0.6818, "f1-score": 0.6765743905046496, "support": 10000}}}
{"epoch": 0, "train_accuracy": 0.646050192067666, "train_loss": 2074.183402210474, "train_mean": 0.025134609771948112, "dev_accuracy": 0.682, "dev_loss": 8014.354136228561, "dev_mean": 0.8014354136228561, "Report": {"-": {"precision": 0.0, "recall": 0.0, "f1-score": 0.0, "support": 158}, "contradiction": {"precision": 0.6920279720279721, "recall": 0.7547284929835265, "f1-score": 0.7220195534802276, "support": 3278}, "entailment": {"precision": 0.7727272727272727, "recall": 0.6127966356263143, "f1-score": 0.683531579829117, "support": 3329}, "neutral": {"precision": 0.6087186261558785, "recall": 0.712210200927357, "f1-score": 0.6564102564102563, "support": 3235}, "micro avg": {"precision": 0.6818, "recall": 0.6818, "f1-score": 0.6818, "support": 10000}, "macro avg": {"precision": 0.5183684677277808, "recall": 0.5199338323842995, "f1-score": 0.5154903474299002, "support": 10000}, "weighted avg": {"precision": 0.681008153883105, "recall": 0.6818, "f1-score": 0.6765743905046496, "support": 10000}}}
