{"epoch": 0, "train_accuracy": 0.6135054076161047, "train_loss": 740.1462217569351, "train_mean": 0.013453534886066256, "dev_accuracy": 0.656, "dev_loss": 8674.944636285305, "dev_mean": 0.8674944636285306, "Report": {"-": {"precision": 0.0, "recall": 0.0, "f1-score": 0.0, "support": 158}, "contradiction": {"precision": 0.5921632274518897, "recall": 0.7791336180597925, "f1-score": 0.6729021209326835, "support": 3278}, "entailment": {"precision": 0.7355072463768116, "recall": 0.6097927305497146, "f1-score": 0.6667761537198227, "support": 3329}, "neutral": {"precision": 0.674410659378203, "recall": 0.6102009273570325, "f1-score": 0.640701071080818, "support": 3235}, "micro avg": {"precision": 0.6558, "recall": 0.6558, "f1-score": 0.6558, "support": 10000}, "macro avg": {"precision": 0.500520283301726, "recall": 0.4997818189916349, "f1-score": 0.4950948364333311, "support": 10000}, "weighted avg": {"precision": 0.6571333165864187, "recall": 0.6558, "f1-score": 0.6498138933097073, "support": 10000}}}
{"epoch": 1, "train_accuracy": 0.713132781968554, "train_loss": 594.1695371568203, "train_mean": 0.010800137001850773, "dev_accuracy": 0.703, "dev_loss": 7792.308194339275, "dev_mean": 0.7792308194339276, "Report": {"-": {"precision": 0.0, "recall": 0.0, "f1-score": 0.0, "support": 158}, "contradiction": {"precision": 0.7250453720508166, "recall": 0.7312385600976204, "f1-score": 0.7281287970838396, "support": 3278}, "entailment": {"precision": 0.7510603588907014, "recall": 0.6914989486332231, "f1-score": 0.7200500469189864, "support": 3329}, "neutral": {"precision": 0.6414990355469826, "recall": 0.719629057187017, "f1-score": 0.6783216783216783, "support": 3235}, "micro avg": {"precision": 0.7027, "recall": 0.7027, "f1-score": 0.7027, "support": 10000}, "macro avg": {"precision": 0.5294011916221252, "recall": 0.5355916414794651, "f1-score": 0.5316251305811261, "support": 10000}, "weighted avg": {"precision": 0.6952228044324211, "recall": 0.7027, "f1-score": 0.697822343240476, "support": 10000}}}
{"epoch": 2, "train_accuracy": 0.7674815959283832, "train_loss": 498.73224145174026, "train_mean": 0.009065386557334186, "dev_accuracy": 0.713, "dev_loss": 7955.869920492172, "dev_mean": 0.7955869920492172, "Report": {"-": {"precision": 0.0, "recall": 0.0, "f1-score": 0.0, "support": 158}, "contradiction": {"precision": 0.7637846655791191, "recall": 0.7141549725442343, "f1-score": 0.7381365284565663, "support": 3278}, "entailment": {"precision": 0.7402832178366978, "recall": 0.7380594773205167, "f1-score": 0.7391696750902527, "support": 3329}, "neutral": {"precision": 0.6440818584070797, "recall": 0.7199381761978362, "f1-score": 0.6799007444168734, "support": 3235}, "micro avg": {"precision": 0.7127, "recall": 0.7127, "f1-score": 0.7127, "support": 10000}, "macro avg": {"precision": 0.5370374354557241, "recall": 0.5430381565156468, "f1-score": 0.5393017369909231, "support": 10000}, "weighted avg": {"precision": 0.7051693777893623, "recall": 0.7127, "f1-score": 0.7079786296844661, "support": 10000}}}
{"epoch": 3, "train_accuracy": 0.8294283377260747, "train_loss": 380.58795005083084, "train_mean": 0.006917894211593762, "dev_accuracy": 0.7, "dev_loss": 9826.97398519516, "dev_mean": 0.982697398519516, "Report": {"-": {"precision": 0.0, "recall": 0.0, "f1-score": 0.0, "support": 158}, "contradiction": {"precision": 0.7274608335796631, "recall": 0.7507626601586334, "f1-score": 0.7389280888755444, "support": 3278}, "entailment": {"precision": 0.7565043362241495, "recall": 0.6812856713727846, "f1-score": 0.716927453769559, "support": 3329}, "neutral": {"precision": 0.6272450953302017, "recall": 0.7017001545595054, "f1-score": 0.6623869273416982, "support": 3235}, "micro avg": {"precision": 0.6999, "recall": 0.6999, "f1-score": 0.6999, "support": 10000}, "macro avg": {"precision": 0.5278025662835035, "recall": 0.5334371215227308, "f1-score": 0.5295606174967005, "support": 10000}, "weighted avg": {"precision": 0.6932157431157532, "recall": 0.6999, "f1-score": 0.695167947888329, "support": 10000}}}
{"epoch": 4, "train_accuracy": 0.8746705443969827, "train_loss": 284.2928876057267, "train_mean": 0.005167552260396741, "dev_accuracy": 0.698, "dev_loss": 11283.16882187128, "dev_mean": 1.1283168821871281, "Report": {"-": {"precision": 0.0, "recall": 0.0, "f1-score": 0.0, "support": 158}, "contradiction": {"precision": 0.8295175797219951, "recall": 0.6189749847467968, "f1-score": 0.7089447938504542, "support": 3278}, "entailment": {"precision": 0.6652152878567973, "recall": 0.8260738960648843, "f1-score": 0.7369690473000134, "support": 3329}, "neutral": {"precision": 0.6425855513307985, "recall": 0.6791344667697063, "f1-score": 0.6603546738803727, "support": 3235}, "micro avg": {"precision": 0.6976, "recall": 0.6976, "f1-score": 0.6976, "support": 10000}, "macro avg": {"precision": 0.5343296047273978, "recall": 0.5310458368953469, "f1-score": 0.5265671287577101, "support": 10000}, "weighted avg": {"precision": 0.7012424578159111, "recall": 0.6976, "f1-score": 0.6913538362706539, "support": 10000}}}
