{"epoch": 0, "train_accuracy": 0.6183222757429792, "train_loss": 1462.5708066225052, "train_mean": 0.026584946044215307, "dev_accuracy": 0.638, "dev_loss": 8905.06314855814, "dev_mean": 0.890506314855814, "Report": {"-": {"precision": 0.0, "recall": 0.0, "f1-score": 0.0, "support": 158}, "contradiction": {"precision": 0.5492145555776496, "recall": 0.8425869432580841, "f1-score": 0.6649813410376791, "support": 3278}, "entailment": {"precision": 0.7375047691720718, "recall": 0.5806548513066987, "f1-score": 0.6497478991596638, "support": 3329}, "neutral": {"precision": 0.7148936170212766, "recall": 0.5193199381761978, "f1-score": 0.6016114592658908, "support": 3235}, "micro avg": {"precision": 0.6375, "recall": 0.6375, "f1-score": 0.6375, "support": 10000}, "macro avg": {"precision": 0.5004032354427496, "recall": 0.4856404331852452, "f1-score": 0.4790851748658084, "support": 10000}, "weighted avg": {"precision": 0.6568159540821192, "recall": 0.6375, "f1-score": 0.628903266294919, "support": 10000}}}
{"epoch": 1, "train_accuracy": 0.7094610560756157, "train_loss": 1195.7934172153473, "train_mean": 0.02173577055739975, "dev_accuracy": 0.697, "dev_loss": 7841.332150578499, "dev_mean": 0.7841332150578498, "Report": {"-": {"precision": 0.0, "recall": 0.0, "f1-score": 0.0, "support": 158}, "contradiction": {"precision": 0.6786754966887417, "recall": 0.7815741305674192, "f1-score": 0.7264993619736283, "support": 3278}, "entailment": {"precision": 0.7047244094488189, "recall": 0.7527786121958546, "f1-score": 0.7279593318809005, "support": 3329}, "neutral": {"precision": 0.7137504683402023, "recall": 0.58887171561051, "f1-score": 0.6453252032520325, "support": 3235}, "micro avg": {"precision": 0.6973, "recall": 0.6973, "f1-score": 0.6973, "support": 10000}, "macro avg": {"precision": 0.5242875936194407, "recall": 0.530806114593446, "f1-score": 0.5249459742766402, "support": 10000}, "weighted avg": {"precision": 0.6879708602281368, "recall": 0.6973, "f1-score": 0.6892468556901395, "support": 10000}}}
{"epoch": 2, "train_accuracy": 0.7603744433336362, "train_loss": 1014.9594987630844, "train_mean": 0.018448777583624183, "dev_accuracy": 0.709, "dev_loss": 7632.0873428583145, "dev_mean": 0.7632087342858315, "Report": {"-": {"precision": 0.0, "recall": 0.0, "f1-score": 0.0, "support": 158}, "contradiction": {"precision": 0.7038482989403235, "recall": 0.7699816961561928, "f1-score": 0.7354312354312355, "support": 3278}, "entailment": {"precision": 0.7250146113383986, "recall": 0.7452688495043557, "f1-score": 0.7350022218930529, "support": 3329}, "neutral": {"precision": 0.696524064171123, "recall": 0.6442040185471406, "f1-score": 0.6693431829131201, "support": 3235}, "micro avg": {"precision": 0.7089, "recall": 0.7089, "f1-score": 0.7089000000000001, "support": 10000}, "macro avg": {"precision": 0.5313467436124613, "recall": 0.5398636410519223, "f1-score": 0.5349441600593521, "support": 10000}, "weighted avg": {"precision": 0.6974043712665492, "recall": 0.7089, "f1-score": 0.7022891183149506, "support": 10000}}}
{"epoch": 3, "train_accuracy": 0.81479596473689, "train_loss": 810.3271378353238, "train_mean": 0.014729203632378875, "dev_accuracy": 0.689, "dev_loss": 9016.42199653387, "dev_mean": 0.9016421996533871, "Report": {"-": {"precision": 0.0, "recall": 0.0, "f1-score": 0.0, "support": 158}, "contradiction": {"precision": 0.640921084192852, "recall": 0.8151311775472849, "f1-score": 0.7176044044581711, "support": 3278}, "entailment": {"precision": 0.731226533166458, "recall": 0.7020126164013217, "f1-score": 0.7163218390804597, "support": 3329}, "neutral": {"precision": 0.7130929791271348, "recall": 0.5808346213292117, "f1-score": 0.6402044293015332, "support": 3235}, "micro avg": {"precision": 0.6888, "recall": 0.6888, "f1-score": 0.6888, "support": 10000}, "macro avg": {"precision": 0.5213101491216112, "recall": 0.5244946038194547, "f1-score": 0.518532668210041, "support": 10000}, "weighted avg": {"precision": 0.6842048230371589, "recall": 0.6888, "f1-score": 0.6808003968903195, "support": 10000}}}
{"epoch": 4, "train_accuracy": 0.8633281832227574, "train_loss": 609.3309809118509, "train_mean": 0.011075724455364009, "dev_accuracy": 0.701, "dev_loss": 10465.160219728947, "dev_mean": 1.0465160219728946, "Report": {"-": {"precision": 0.0, "recall": 0.0, "f1-score": 0.0, "support": 158}, "contradiction": {"precision": 0.7011559063997744, "recall": 0.7586943258084198, "f1-score": 0.7287912087912087, "support": 3278}, "entailment": {"precision": 0.731163351416516, "recall": 0.728747371583058, "f1-score": 0.7299533624191364, "support": 3329}, "neutral": {"precision": 0.6682615629984051, "recall": 0.6476043276661515, "f1-score": 0.6577708006279435, "support": 3235}, "micro avg": {"precision": 0.7008, "recall": 0.7008, "f1-score": 0.7008, "support": 10000}, "macro avg": {"precision": 0.5251452052036739, "recall": 0.5337615062644073, "f1-score": 0.5291288429595722, "support": 10000}, "weighted avg": {"precision": 0.6894258014343883, "recall": 0.7008, "f1-score": 0.6946880865942284, "support": 10000}}}
