{"epoch": 0, "train_accuracy": 0.6295919294737798, "train_loss": 1435.3482056558132, "train_mean": 0.026090124614301793, "dev_accuracy": 0.661, "dev_loss": 8488.68298369646, "dev_mean": 0.8488682983696461, "Report": {"-": {"precision": 0.0, "recall": 0.0, "f1-score": 0.0, "support": 158}, "contradiction": {"precision": 0.5910296067167476, "recall": 0.8160463697376449, "f1-score": 0.6855458739108149, "support": 3278}, "entailment": {"precision": 0.71264, "recall": 0.6689696605587263, "f1-score": 0.6901146575766965, "support": 3329}, "neutral": {"precision": 0.7288207747977863, "recall": 0.5292117465224111, "f1-score": 0.6131805157593123, "support": 3235}, "micro avg": {"precision": 0.6614, "recall": 0.6614, "f1-score": 0.6614, "support": 10000}, "macro avg": {"precision": 0.5081225953786335, "recall": 0.5035569442046955, "f1-score": 0.4972102618117059, "support": 10000}, "weighted avg": {"precision": 0.6667508817288337, "recall": 0.6614, "f1-score": 0.6528250038233849, "support": 10000}}}
{"epoch": 1, "train_accuracy": 0.7209851858584022, "train_loss": 1157.3556391000748, "train_mean": 0.021037092412979637, "dev_accuracy": 0.688, "dev_loss": 8084.036703288555, "dev_mean": 0.8084036703288555, "Report": {"-": {"precision": 0.0, "recall": 0.0, "f1-score": 0.0, "support": 158}, "contradiction": {"precision": 0.6326244449637766, "recall": 0.8258084197681513, "f1-score": 0.716421860526664, "support": 3278}, "entailment": {"precision": 0.727300898667493, "recall": 0.7050165214779213, "f1-score": 0.7159853569249542, "support": 3329}, "neutral": {"precision": 0.7341619887730554, "recall": 0.5659969088098918, "f1-score": 0.6392040495723512, "support": 3235}, "micro avg": {"precision": 0.6885, "recall": 0.6885, "f1-score": 0.6885, "support": 10000}, "macro avg": {"precision": 0.5235218331010812, "recall": 0.5242054625139911, "f1-score": 0.5179028167559924, "support": 10000}, "weighted avg": {"precision": 0.6869941655936178, "recall": 0.6885, "f1-score": 0.6799771212376133, "support": 10000}}}
{"epoch": 2, "train_accuracy": 0.7787330727983277, "train_loss": 958.0023393034935, "train_mean": 0.01741347522136678, "dev_accuracy": 0.696, "dev_loss": 8282.522030770779, "dev_mean": 0.8282522030770779, "Report": {"-": {"precision": 0.0, "recall": 0.0, "f1-score": 0.0, "support": 158}, "contradiction": {"precision": 0.6528864970645792, "recall": 0.814215985356925, "f1-score": 0.7246809666033125, "support": 3278}, "entailment": {"precision": 0.7201183431952662, "recall": 0.7311504956443377, "f1-score": 0.7255924877030855, "support": 3329}, "neutral": {"precision": 0.7345971563981043, "recall": 0.5749613601236476, "f1-score": 0.645049419108722, "support": 3235}, "micro avg": {"precision": 0.6963, "recall": 0.6963, "f1-score": 0.6963, "support": 10000}, "macro avg": {"precision": 0.5269004991644874, "recall": 0.5300819602812276, "f1-score": 0.52383071835378, "support": 10000}, "weighted avg": {"precision": 0.6913857702822599, "recall": 0.6963, "f1-score": 0.6877736470905945, "support": 10000}}}
{"epoch": 3, "train_accuracy": 0.8370807961465055, "train_loss": 720.6150732636452, "train_mean": 0.01309851991754331, "dev_accuracy": 0.701, "dev_loss": 9178.165578722954, "dev_mean": 0.9178165578722953, "Report": {"-": {"precision": 0.0, "recall": 0.0, "f1-score": 0.0, "support": 158}, "contradiction": {"precision": 0.7180946674655483, "recall": 0.7312385600976204, "f1-score": 0.7246070133010882, "support": 3278}, "entailment": {"precision": 0.7232037691401649, "recall": 0.7377590868128567, "f1-score": 0.7304089219330855, "support": 3329}, "neutral": {"precision": 0.661053276178812, "recall": 0.6673879443585781, "f1-score": 0.6642055068451008, "support": 3235}, "micro avg": {"precision": 0.7012, "recall": 0.7012, "f1-score": 0.7012, "support": 10000}, "macro avg": {"precision": 0.5255879281961313, "recall": 0.5340963978172638, "f1-score": 0.5298053605198186, "support": 10000}, "weighted avg": {"precision": 0.6899967015858134, "recall": 0.7012, "f1-score": 0.695549790536011, "support": 10000}}}
{"epoch": 4, "train_accuracy": 0.8862673816231936, "train_loss": 516.700785946101, "train_mean": 0.009391998290395364, "dev_accuracy": 0.689, "dev_loss": 11696.72837728262, "dev_mean": 1.169672837728262, "Report": {"-": {"precision": 0.0, "recall": 0.0, "f1-score": 0.0, "support": 158}, "contradiction": {"precision": 0.6970954356846473, "recall": 0.7687614399023796, "f1-score": 0.731176555926302, "support": 3278}, "entailment": {"precision": 0.6492981203901975, "recall": 0.8197656954040252, "f1-score": 0.7246415294742432, "support": 3329}, "neutral": {"precision": 0.7534372135655362, "recall": 0.5081916537867078, "f1-score": 0.6069780321211002, "support": 3235}, "micro avg": {"precision": 0.6893, "recall": 0.6893, "f1-score": 0.6893, "support": 10000}, "macro avg": {"precision": 0.5249576924100953, "recall": 0.5241796972732782, "f1-score": 0.5156990293804113, "support": 10000}, "weighted avg": {"precision": 0.6883961666837751, "recall": 0.6893, "f1-score": 0.6772702335857933, "support": 10000}}}
