{"epoch": 0, "train_accuracy": 0.6242842861037898, "train_loss": 1450.7739747166634, "train_mean": 0.026370516672119666, "dev_accuracy": 0.641, "dev_loss": 8915.966409504414, "dev_mean": 0.8915966409504413, "Report": {"-": {"precision": 0.0, "recall": 0.0, "f1-score": 0.0, "support": 158}, "contradiction": {"precision": 0.5633544174658233, "recall": 0.8422818791946308, "f1-score": 0.6751436605942046, "support": 3278}, "entailment": {"precision": 0.7457892675283979, "recall": 0.5719435265845599, "f1-score": 0.6473988439306357, "support": 3329}, "neutral": {"precision": 0.6857816182246661, "recall": 0.5397217928902628, "f1-score": 0.6040477426050856, "support": 3235}, "micro avg": {"precision": 0.6411, "recall": 0.6411, "f1-score": 0.6411, "support": 10000}, "macro avg": {"precision": 0.4987313258047218, "recall": 0.4884867996673634, "f1-score": 0.4816475617824815, "support": 10000}, "weighted avg": {"precision": 0.6547911787011801, "recall": 0.6411, "f1-score": 0.6322406118200341, "support": 10000}}}
{"epoch": 1, "train_accuracy": 0.7209124784149777, "train_loss": 1157.5200895667076, "train_mean": 0.02104008160622935, "dev_accuracy": 0.692, "dev_loss": 8216.19421184063, "dev_mean": 0.821619421184063, "Report": {"-": {"precision": 0.0, "recall": 0.0, "f1-score": 0.0, "support": 158}, "contradiction": {"precision": 0.6455878817023323, "recall": 0.8190970103721782, "f1-score": 0.7220653489310206, "support": 3278}, "entailment": {"precision": 0.755533199195171, "recall": 0.6767798137578852, "f1-score": 0.7139914435113295, "support": 3329}, "neutral": {"precision": 0.6925498426023085, "recall": 0.6120556414219475, "f1-score": 0.6498194945848376, "support": 3235}, "micro avg": {"precision": 0.6918, "recall": 0.6918, "f1-score": 0.6918, "support": 10000}, "macro avg": {"precision": 0.5234177308749529, "recall": 0.5269831163880027, "f1-score": 0.5214690717567969, "support": 10000}, "weighted avg": {"precision": 0.6871805837159438, "recall": 0.6918, "f1-score": 0.6845973794227052, "support": 10000}}}
{"epoch": 2, "train_accuracy": 0.7826956284649641, "train_loss": 933.2626077383757, "train_mean": 0.016963784563089623, "dev_accuracy": 0.667, "dev_loss": 9590.922098875046, "dev_mean": 0.9590922098875045, "Report": {"-": {"precision": 0.0, "recall": 0.0, "f1-score": 0.0, "support": 158}, "contradiction": {"precision": 0.6161593554162936, "recall": 0.8398413666870043, "f1-score": 0.710818486961012, "support": 3278}, "entailment": {"precision": 0.7853294653957729, "recall": 0.5692400120156204, "f1-score": 0.6600487634970394, "support": 3329}, "neutral": {"precision": 0.6495671689644117, "recall": 0.626275115919629, "f1-score": 0.6377085300598049, "support": 3235}, "micro avg": {"precision": 0.6674, "recall": 0.6674, "f1-score": 0.6674, "support": 10000}, "macro avg": {"precision": 0.5127639974441195, "recall": 0.5088391236555634, "f1-score": 0.502143945129464, "support": 10000}, "weighted avg": {"precision": 0.6735481948957011, "recall": 0.6674, "f1-score": 0.659035242868331, "support": 10000}}}
{"epoch": 3, "train_accuracy": 0.8533854403344543, "train_loss": 664.2271697409451, "train_mean": 0.0120735648412423, "dev_accuracy": 0.662, "dev_loss": 12822.961254417896, "dev_mean": 1.2822961254417897, "Report": {"-": {"precision": 0.0, "recall": 0.0, "f1-score": 0.0, "support": 158}, "contradiction": {"precision": 0.594002552105487, "recall": 0.8520439292251373, "f1-score": 0.7000000000000002, "support": 3278}, "entailment": {"precision": 0.7685725398677558, "recall": 0.5935716431360769, "f1-score": 0.6698305084745761, "support": 3329}, "neutral": {"precision": 0.6769343601026769, "recall": 0.5706336939721793, "f1-score": 0.6192552834619255, "support": 3235}, "micro avg": {"precision": 0.6615, "recall": 0.6615, "f1-score": 0.6615, "support": 10000}, "macro avg": {"precision": 0.5098773630189799, "recall": 0.5040623165833483, "f1-score": 0.4972714479841255, "support": 10000}, "weighted avg": {"precision": 0.6695601005953705, "recall": 0.6615, "f1-score": 0.6527756604711195, "support": 10000}}}
{"epoch": 4, "train_accuracy": 0.8982822866490957, "train_loss": 463.52562477067113, "train_mean": 0.008425440784707283, "dev_accuracy": 0.698, "dev_loss": 13691.936477661133, "dev_mean": 1.3691936477661133, "Report": {"-": {"precision": 0.0, "recall": 0.0, "f1-score": 0.0, "support": 158}, "contradiction": {"precision": 0.711859527921704, "recall": 0.7544234289200732, "f1-score": 0.7325236966824644, "support": 3278}, "entailment": {"precision": 0.705456570155902, "recall": 0.7611895464103334, "f1-score": 0.7322641236815489, "support": 3329}, "neutral": {"precision": 0.6733719740879646, "recall": 0.6105100463678517, "f1-score": 0.6404020752269779, "support": 3235}, "micro avg": {"precision": 0.6982, "recall": 0.6982, "f1-score": 0.6982, "support": 10000}, "macro avg": {"precision": 0.5226720180413926, "recall": 0.5315307554245645, "f1-score": 0.5262974738977478, "support": 10000}, "weighted avg": {"precision": 0.6860298790750908, "recall": 0.6982, "f1-score": 0.6910620658820269, "support": 10000}}}
