{"epoch": 0, "train_accuracy": 0.6473346824521649, "train_loss": 2072.431929975748, "train_mean": 0.02511338572247432, "dev_accuracy": 0.69, "dev_loss": 8009.92717063427, "dev_mean": 0.800992717063427, "Report": {"-": {"precision": 0.0, "recall": 0.0, "f1-score": 0.0, "support": 158}, "contradiction": {"precision": 0.7108328479906815, "recall": 0.7446613788895668, "f1-score": 0.7273539928486293, "support": 3278}, "entailment": {"precision": 0.7631296891747053, "recall": 0.6416341243616702, "f1-score": 0.6971279373368147, "support": 3329}, "neutral": {"precision": 0.6166710910538891, "recall": 0.7180834621329212, "f1-score": 0.6635247072265067, "support": 3235}, "micro avg": {"precision": 0.69, "recall": 0.69, "f1-score": 0.69, "support": 10000}, "macro avg": {"precision": 0.5226584070548189, "recall": 0.5260947413460396, "f1-score": 0.5220016593529877, "support": 10000}, "weighted avg": {"precision": 0.6865499790535379, "recall": 0.69, "f1-score": 0.6851507719829811, "support": 10000}}}
{"epoch": 1, "train_accuracy": 0.7442773529803812, "train_loss": 1624.105506554246, "train_mean": 0.01968064062811878, "dev_accuracy": 0.706, "dev_loss": 7754.084070980549, "dev_mean": 0.7754084070980549, "Report": {"-": {"precision": 0.0, "recall": 0.0, "f1-score": 0.0, "support": 158}, "contradiction": {"precision": 0.7189340813464236, "recall": 0.7818791946308725, "f1-score": 0.7490866578985825, "support": 3278}, "entailment": {"precision": 0.8087495160665893, "recall": 0.6275157705016522, "f1-score": 0.7066982408660352, "support": 3329}, "neutral": {"precision": 0.6259086188992731, "recall": 0.7452859350850077, "f1-score": 0.6804007337378299, "support": 3235}, "micro avg": {"precision": 0.7063, "recall": 0.7063, "f1-score": 0.7063, "support": 10000}, "macro avg": {"precision": 0.5383980540780715, "recall": 0.5386702250543831, "f1-score": 0.534046408125612, "support": 10000}, "weighted avg": {"precision": 0.7073807439778401, "recall": 0.7063, "f1-score": 0.7009200882076464, "support": 10000}}}
{"epoch": 2, "train_accuracy": 0.8034123820025932, "train_loss": 1302.0816916972399, "train_mean": 0.01577840955487852, "dev_accuracy": 0.709, "dev_loss": 8580.689770042896, "dev_mean": 0.8580689770042896, "Report": {"-": {"precision": 0.0, "recall": 0.0, "f1-score": 0.0, "support": 158}, "contradiction": {"precision": 0.7123287671232876, "recall": 0.7931665649786455, "f1-score": 0.7505773672055427, "support": 3278}, "entailment": {"precision": 0.8054919908466819, "recall": 0.6344247521778312, "f1-score": 0.7097966728280961, "support": 3329}, "neutral": {"precision": 0.6378755364806867, "recall": 0.7350850077279752, "f1-score": 0.6830389200057446, "support": 3235}, "micro avg": {"precision": 0.709, "recall": 0.709, "f1-score": 0.709, "support": 10000}, "macro avg": {"precision": 0.538924073612664, "recall": 0.540669081221113, "f1-score": 0.5358532400098459, "support": 10000}, "weighted avg": {"precision": 0.7080023896673762, "recall": 0.709, "f1-score": 0.7032936639763084, "support": 10000}}}
{"epoch": 5, "train_accuracy": 0.9230396374344122, "train_loss": 535.8049577027559, "train_mean": 0.006492795435245397, "dev_accuracy": 0.712, "dev_loss": 13684.934299886227, "dev_mean": 1.3684934299886227, "Report": {"-": {"precision": 0.0, "recall": 0.0, "f1-score": 0.0, "support": 158}, "contradiction": {"precision": 0.7847533632286996, "recall": 0.6940207443563148, "f1-score": 0.7366035292213049, "support": 3278}, "entailment": {"precision": 0.7385718553928892, "recall": 0.742565334935416, "f1-score": 0.7405632115038945, "support": 3329}, "neutral": {"precision": 0.6321961620469083, "recall": 0.7332302936630603, "f1-score": 0.6789752397309288, "support": 3235}, "micro avg": {"precision": 0.7119, "recall": 0.7119, "f1-score": 0.7119000000000001, "support": 10000}, "macro avg": {"precision": 0.5388803451671242, "recall": 0.5424540932386978, "f1-score": 0.539035495114032, "support": 10000}, "weighted avg": {"precision": 0.7076281815488353, "recall": 0.7119, "f1-score": 0.7076406200413456, "support": 10000}}}
