{"epoch": 0, "train_accuracy": 0.6157956920839771, "train_loss": 1472.9133445620537, "train_mean": 0.02677294091724173, "dev_accuracy": 0.645, "dev_loss": 8772.975816726685, "dev_mean": 0.8772975816726685, "Report": {"-": {"precision": 0.0, "recall": 0.0, "f1-score": 0.0, "support": 158}, "contradiction": {"precision": 0.5666526492851135, "recall": 0.8221476510067114, "f1-score": 0.6708986806074183, "support": 3278}, "entailment": {"precision": 0.7331661891117478, "recall": 0.6148993691799339, "f1-score": 0.6688449599738604, "support": 3329}, "neutral": {"precision": 0.697389885807504, "recall": 0.5285935085007728, "f1-score": 0.6013715491471777, "support": 3235}, "micro avg": {"precision": 0.6452, "recall": 0.6452, "f1-score": 0.6452, "support": 10000}, "macro avg": {"precision": 0.49930218105109136, "recall": 0.4914101321718546, "f1-score": 0.4852787974321141, "support": 10000}, "weighted avg": {"precision": 0.6554253908496886, "recall": 0.6452, "f1-score": 0.6371227708275218, "support": 10000}}}
