{"epoch": 0, "train_accuracy": 0.6346814505134963, "train_loss": 1417.454405874014, "train_mean": 0.025764871505480576, "dev_accuracy": 0.626, "dev_loss": 9177.775914609432, "dev_mean": 0.9177775914609432, "Report": {"-": {"precision": 0.0, "recall": 0.0, "f1-score": 0.0, "support": 158}, "contradiction": {"precision": 0.5505863645398529, "recall": 0.8450274557657108, "f1-score": 0.6667469009507763, "support": 3278}, "entailment": {"precision": 0.7976004173187272, "recall": 0.4592970862120757, "f1-score": 0.5829203202439954, "support": 3329}, "neutral": {"precision": 0.6441677588466579, "recall": 0.6077279752704792, "f1-score": 0.6254175282328615, "support": 3235}, "micro avg": {"precision": 0.6265, "recall": 0.6265, "f1-score": 0.6265, "support": 10000}, "macro avg": {"precision": 0.4980886351763095, "recall": 0.4780131293120664, "f1-score": 0.46877118735690826, "support": 10000}, "weighted avg": {"precision": 0.6543916592084619, "recall": 0.6265, "f1-score": 0.6149363791242213, "support": 10000}}}
{"epoch": 1, "train_accuracy": 0.7282013996182859, "train_loss": 1134.8415715694427, "train_mean": 0.020627857340169822, "dev_accuracy": 0.646, "dev_loss": 8914.505961179733, "dev_mean": 0.8914505961179733, "Report": {"-": {"precision": 0.0, "recall": 0.0, "f1-score": 0.0, "support": 158}, "contradiction": {"precision": 0.5905827702702703, "recall": 0.8532641854789506, "f1-score": 0.6980284502121288, "support": 3278}, "entailment": {"precision": 0.8449315068493151, "recall": 0.46320216281165516, "f1-score": 0.5983701979045402, "support": 3329}, "neutral": {"precision": 0.6170398371619656, "recall": 0.6559505409582689, "f1-score": 0.6359005094396163, "support": 3235}, "micro avg": {"precision": 0.6461, "recall": 0.6461, "f1-score": 0.6461, "support": 10000}, "macro avg": {"precision": 0.5131385285703878, "recall": 0.4931042223122187, "f1-score": 0.48307478938907134, "support": 10000}, "weighted avg": {"precision": 0.6744831180466274, "recall": 0.6461, "f1-score": 0.6337249796656732, "support": 10000}}}
{"epoch": 2, "train_accuracy": 0.7920930655275834, "train_loss": 911.7592025399208, "train_mean": 0.016572920158864326, "dev_accuracy": 0.669, "dev_loss": 8820.66389131546, "dev_mean": 0.882066389131546, "Report": {"-": {"precision": 0.0, "recall": 0.0, "f1-score": 0.0, "support": 158}, "contradiction": {"precision": 0.6325214899713467, "recall": 0.8081147040878585, "f1-score": 0.7096169300830432, "support": 3278}, "entailment": {"precision": 0.8266110338433009, "recall": 0.535596275157705, "f1-score": 0.6500182282172804, "support": 3329}, "neutral": {"precision": 0.6169630642954856, "recall": 0.6970633693972179, "f1-score": 0.6545718432510885, "support": 3235}, "micro avg": {"precision": 0.6687, "recall": 0.6687, "f1-score": 0.6687, "support": 10000}, "macro avg": {"precision": 0.5190238970275333, "recall": 0.5101935871606953, "f1-score": 0.503551750387853, "support": 10000}, "weighted avg": {"precision": 0.6821069088786319, "recall": 0.6687, "f1-score": 0.6607574891464814, "support": 10000}}}
{"epoch": 3, "train_accuracy": 0.8533672634735981, "train_loss": 662.7240864038467, "train_mean": 0.012046243504568694, "dev_accuracy": 0.646, "dev_loss": 11636.991382181644, "dev_mean": 1.1636991382181645, "Report": {"-": {"precision": 0.0, "recall": 0.0, "f1-score": 0.0, "support": 158}, "contradiction": {"precision": 0.5792441010649405, "recall": 0.8462477120195241, "f1-score": 0.6877401760257841, "support": 3278}, "entailment": {"precision": 0.8509052183173589, "recall": 0.48002403124061277, "f1-score": 0.6137891300172844, "support": 3329}, "neutral": {"precision": 0.6276627662766276, "recall": 0.646676970633694, "f1-score": 0.6370280146163216, "support": 3235}, "micro avg": {"precision": 0.6464, "recall": 0.6464, "f1-score": 0.6464, "support": 10000}, "macro avg": {"precision": 0.5144530214147318, "recall": 0.4932371784734577, "f1-score": 0.48463933016484756, "support": 10000}, "weighted avg": {"precision": 0.6761914683974254, "recall": 0.6464, "f1-score": 0.6358501938123859, "support": 10000}}}
{"epoch": 4, "train_accuracy": 0.8921566845405798, "train_loss": 491.76764645054936, "train_mean": 0.00893879208307824, "dev_accuracy": 0.681, "dev_loss": 12165.400046348572, "dev_mean": 1.2165400046348571, "Report": {"-": {"precision": 0.0, "recall": 0.0, "f1-score": 0.0, "support": 158}, "contradiction": {"precision": 0.675414364640884, "recall": 0.7458816351433801, "f1-score": 0.7089011307625399, "support": 3278}, "entailment": {"precision": 0.7666428060128847, "recall": 0.6434364674076299, "f1-score": 0.6996570308672219, "support": 3329}, "neutral": {"precision": 0.6200836820083682, "recall": 0.6871715610510046, "f1-score": 0.6519061583577713, "support": 3235}, "micro avg": {"precision": 0.681, "recall": 0.681, "f1-score": 0.681, "support": 10000}, "macro avg": {"precision": 0.5155352131655342, "recall": 0.5191224159005037, "f1-score": 0.5151160799968832, "support": 10000}, "weighted avg": {"precision": 0.6772132899806782, "recall": 0.681, "f1-score": 0.6761852584683976, "support": 10000}}}
