{"epoch": 0, "train_accuracy": 0.5931109697355267, "train_loss": 190.3715346455574, "train_mean": 0.0034603568962202564, "dev_accuracy": 0.635, "dev_loss": 8914.51511001587, "dev_mean": 0.8914515110015869, "Report": {"-": {"precision": 0.0, "recall": 0.0, "f1-score": 0.0, "support": 158}, "contradiction": {"precision": 0.5885956644674835, "recall": 0.7620500305064063, "f1-score": 0.6641850571656475, "support": 3278}, "entailment": {"precision": 0.7233560090702947, "recall": 0.5749474316611595, "f1-score": 0.6406694560669456, "support": 3329}, "neutral": {"precision": 0.6237942122186495, "recall": 0.5996908809891809, "f1-score": 0.61150512214342, "support": 3235}, "micro avg": {"precision": 0.6352, "recall": 0.6352, "f1-score": 0.6352, "support": 10000}, "macro avg": {"precision": 0.4839364714391069, "recall": 0.4841720857891867, "f1-score": 0.47908990884400326, "support": 10000}, "weighted avg": {"precision": 0.6355443018846754, "recall": 0.6352, "f1-score": 0.6288206306769818, "support": 10000}}}
{"epoch": 1, "train_accuracy": 0.6906480050895211, "train_loss": 157.5388355255127, "train_mean": 0.002863561492784017, "dev_accuracy": 0.611, "dev_loss": 9709.011578559875, "dev_mean": 0.9709011578559875, "Report": {"-": {"precision": 0.0, "recall": 0.0, "f1-score": 0.0, "support": 158}, "contradiction": {"precision": 0.5516362923770332, "recall": 0.8587553386211104, "f1-score": 0.6717575468321203, "support": 3278}, "entailment": {"precision": 0.8310473815461347, "recall": 0.40042054671072397, "f1-score": 0.5404419217514698, "support": 3329}, "neutral": {"precision": 0.5970239902824173, "recall": 0.6077279752704792, "f1-score": 0.602328431372549, "support": 3235}, "micro avg": {"precision": 0.6114, "recall": 0.6114, "f1-score": 0.6114, "support": 10000}, "macro avg": {"precision": 0.49492691605139627, "recall": 0.4667259651505784, "f1-score": 0.4536319749890348, "support": 10000}, "weighted avg": {"precision": 0.6506193108142616, "recall": 0.6114, "f1-score": 0.5949684871516528, "support": 10000}}}
{"epoch": 2, "train_accuracy": 0.7363991638644006, "train_loss": 138.379760324955, "train_mean": 0.002515309648731346, "dev_accuracy": 0.634, "dev_loss": 9525.997262001038, "dev_mean": 0.9525997262001038, "Report": {"-": {"precision": 0.0, "recall": 0.0, "f1-score": 0.0, "support": 158}, "contradiction": {"precision": 0.5654008438818565, "recall": 0.8584502745576571, "f1-score": 0.6817686250757117, "support": 3278}, "entailment": {"precision": 0.8210526315789474, "recall": 0.4686091919495344, "f1-score": 0.5966724039013195, "support": 3329}, "neutral": {"precision": 0.6301633045148896, "recall": 0.6083462132921175, "f1-score": 0.6190625983013526, "support": 3235}, "micro avg": {"precision": 0.6342, "recall": 0.6342, "f1-score": 0.6342, "support": 10000}, "macro avg": {"precision": 0.5041541949939234, "recall": 0.4838514199498273, "f1-score": 0.47437590681959596, "support": 10000}, "weighted avg": {"precision": 0.662524646687671, "recall": 0.6342, "f1-score": 0.622382749109055, "support": 10000}}}
{"epoch": 3, "train_accuracy": 0.7910206307370717, "train_loss": 114.3006392121315, "train_mean": 0.0020776268147256476, "dev_accuracy": 0.656, "dev_loss": 9484.621166944504, "dev_mean": 0.9484621166944504, "Report": {"-": {"precision": 0.0, "recall": 0.0, "f1-score": 0.0, "support": 158}, "contradiction": {"precision": 0.6266573621772505, "recall": 0.8218425869432581, "f1-score": 0.711099379701729, "support": 3278}, "entailment": {"precision": 0.8357215967246674, "recall": 0.4905376990087113, "f1-score": 0.6182093507476811, "support": 3329}, "neutral": {"precision": 0.5954096610621831, "recall": 0.6896445131375579, "f1-score": 0.6390718991692924, "support": 3235}, "micro avg": {"precision": 0.6558, "recall": 0.6558, "f1-score": 0.6558, "support": 10000}, "macro avg": {"precision": 0.5144471549910252, "recall": 0.5005061997723819, "f1-score": 0.4920951574046756, "support": 10000}, "weighted avg": {"precision": 0.6762450282249608, "recall": 0.6558, "f1-score": 0.6456400289113959, "support": 10000}}}
{"epoch": 4, "train_accuracy": 0.8526220121784968, "train_loss": 84.60210394859314, "train_mean": 0.0015378006716094362, "dev_accuracy": 0.621, "dev_loss": 13474.593666791916, "dev_mean": 1.3474593666791916, "Report": {"-": {"precision": 0.0, "recall": 0.0, "f1-score": 0.0, "support": 158}, "contradiction": {"precision": 0.5432168357760241, "recall": 0.8819402074435632, "f1-score": 0.6723255813953488, "support": 3278}, "entailment": {"precision": 0.8405296488198043, "recall": 0.4385701411835386, "f1-score": 0.5763916304776944, "support": 3329}, "neutral": {"precision": 0.6327779666780007, "recall": 0.5752704791344667, "f1-score": 0.6026554404145077, "support": 3235}, "micro avg": {"precision": 0.6212, "recall": 0.6212, "f1-score": 0.6212, "support": 10000}, "macro avg": {"precision": 0.5041311128184572, "recall": 0.4739452069403921, "f1-score": 0.4628431630718877, "support": 10000}, "weighted avg": {"precision": 0.6625824710798267, "recall": 0.6212, "f1-score": 0.607228134341513, "support": 10000}}}
