{"epoch": 0, "train_accuracy": 0.6209760974279742, "train_loss": 1461.130673021078, "train_mean": 0.026558768936127932, "dev_accuracy": 0.649, "dev_loss": 8825.894763290882, "dev_mean": 0.8825894763290882, "Report": {"-": {"precision": 0.0, "recall": 0.0, "f1-score": 0.0, "support": 158}, "contradiction": {"precision": 0.5746364414029085, "recall": 0.8197071384990848, "f1-score": 0.6756349006789037, "support": 3278}, "entailment": {"precision": 0.7490317583268784, "recall": 0.5809552418143586, "f1-score": 0.6543732025038065, "support": 3329}, "neutral": {"precision": 0.6808898614150255, "recall": 0.5771251931993817, "f1-score": 0.6247281244771625, "support": 3235}, "micro avg": {"precision": 0.6488, "recall": 0.6488, "f1-score": 0.6488, "support": 10000}, "macro avg": {"precision": 0.5011395152862032, "recall": 0.4944468933782063, "f1-score": 0.4886840569149682, "support": 10000}, "weighted avg": {"precision": 0.6579863680066519, "recall": 0.6488, "f1-score": 0.641413507824424, "support": 10000}}}
{"epoch": 1, "train_accuracy": 0.7187312551122421, "train_loss": 1164.8274166584015, "train_mean": 0.021172905874005297, "dev_accuracy": 0.699, "dev_loss": 8007.297513484955, "dev_mean": 0.8007297513484954, "Report": {"-": {"precision": 0.0, "recall": 0.0, "f1-score": 0.0, "support": 158}, "contradiction": {"precision": 0.6791612057667104, "recall": 0.7904209884075656, "f1-score": 0.730579444522769, "support": 3278}, "entailment": {"precision": 0.7866813025978778, "recall": 0.6458395914689096, "f1-score": 0.7093368525239194, "support": 3329}, "neutral": {"precision": 0.6523754345307068, "recall": 0.6961360123647604, "f1-score": 0.6735456856587408, "support": 3235}, "micro avg": {"precision": 0.6993, "recall": 0.6993, "f1-score": 0.6993, "support": 10000}, "macro avg": {"precision": 0.5295544857238237, "recall": 0.5330991480603089, "f1-score": 0.5283654956763573, "support": 10000}, "weighted avg": {"precision": 0.6955587019558448, "recall": 0.6993, "f1-score": 0.6935142094303792, "support": 10000}}}
{"epoch": 2, "train_accuracy": 0.780714350631646, "train_loss": 947.2240793555975, "train_mean": 0.017217560290022676, "dev_accuracy": 0.7, "dev_loss": 8390.399810492992, "dev_mean": 0.8390399810492992, "Report": {"-": {"precision": 0.0, "recall": 0.0, "f1-score": 0.0, "support": 158}, "contradiction": {"precision": 0.6671694318753142, "recall": 0.8096400244051251, "f1-score": 0.7315325248070562, "support": 3278}, "entailment": {"precision": 0.7843839541547278, "recall": 0.6578552117753079, "f1-score": 0.7155693514131678, "support": 3329}, "neutral": {"precision": 0.6678018575851393, "recall": 0.6667697063369398, "f1-score": 0.6672853828306264, "support": 3235}, "micro avg": {"precision": 0.7001, "recall": 0.7001, "f1-score": 0.7001, "support": 10000}, "macro avg": {"precision": 0.5298388109037954, "recall": 0.5335662356293431, "f1-score": 0.5285968147627126, "support": 10000}, "weighted avg": {"precision": 0.6958534590356293, "recall": 0.7001, "f1-score": 0.6938762200629042, "support": 10000}}}
