{"epoch": 0, "train_accuracy": 0.6226301917658821, "train_loss": 1452.3183494210243, "train_mean": 0.026398588556230562, "dev_accuracy": 0.659, "dev_loss": 8504.858739376068, "dev_mean": 0.8504858739376068, "Report": {"-": {"precision": 0.0, "recall": 0.0, "f1-score": 0.0, "support": 158}, "contradiction": {"precision": 0.5857017927415828, "recall": 0.8172666259914582, "f1-score": 0.6823739174732552, "support": 3278}, "entailment": {"precision": 0.7230718085106383, "recall": 0.6533493541604085, "f1-score": 0.6864446899163642, "support": 3329}, "neutral": {"precision": 0.71712158808933, "recall": 0.5360123647604328, "f1-score": 0.6134795683707767, "support": 3235}, "micro avg": {"precision": 0.6588, "recall": 0.6588, "f1-score": 0.6588, "support": 10000}, "macro avg": {"precision": 0.5064737973353879, "recall": 0.5016570862280749, "f1-score": 0.49557454394009903, "support": 10000}, "weighted avg": {"precision": 0.6646924864607807, "recall": 0.6588, "f1-score": 0.6506602477888369, "support": 10000}}}
{"epoch": 1, "train_accuracy": 0.7160047259838226, "train_loss": 1171.522605150938, "train_mean": 0.0212946033836397, "dev_accuracy": 0.693, "dev_loss": 7996.424211442471, "dev_mean": 0.7996424211442471, "Report": {"-": {"precision": 0.0, "recall": 0.0, "f1-score": 0.0, "support": 158}, "contradiction": {"precision": 0.6503685503685503, "recall": 0.8075045759609518, "f1-score": 0.7204681545998911, "support": 3278}, "entailment": {"precision": 0.7477243172951885, "recall": 0.6908981676179032, "f1-score": 0.7181889149102264, "support": 3329}, "neutral": {"precision": 0.6951646811492642, "recall": 0.6132921174652242, "f1-score": 0.6516669403842996, "support": 3235}, "micro avg": {"precision": 0.6931, "recall": 0.6931, "f1-score": 0.6931, "support": 10000}, "macro avg": {"precision": 0.5233143872032507, "recall": 0.5279237152610198, "f1-score": 0.5225810024736043, "support": 10000}, "weighted avg": {"precision": 0.6869940103901662, "recall": 0.6931, "f1-score": 0.6860688060657796, "support": 10000}}}
{"epoch": 2, "train_accuracy": 0.780023629919113, "train_loss": 953.7718487232924, "train_mean": 0.017336578182737296, "dev_accuracy": 0.698, "dev_loss": 8248.268840014935, "dev_mean": 0.8248268840014934, "Report": {"-": {"precision": 0.0, "recall": 0.0, "f1-score": 0.0, "support": 158}, "contradiction": {"precision": 0.6801160337552743, "recall": 0.7867602196461256, "f1-score": 0.7295615275813295, "support": 3278}, "entailment": {"precision": 0.7342356198092894, "recall": 0.7170321417843196, "f1-score": 0.725531914893617, "support": 3329}, "neutral": {"precision": 0.6804193439296584, "recall": 0.6219474497681607, "f1-score": 0.6498708010335917, "support": 3235}, "micro avg": {"precision": 0.6978, "recall": 0.6978, "f1-score": 0.6978, "support": 10000}, "macro avg": {"precision": 0.5236927493735555, "recall": 0.5314349527996516, "f1-score": 0.5262410608771346, "support": 10000}, "weighted avg": {"precision": 0.6874847314607357, "recall": 0.6978, "f1-score": 0.6909130473436118, "support": 10000}}}
{"epoch": 3, "train_accuracy": 0.8440788875761156, "train_loss": 694.8236089386046, "train_mean": 0.012629712059231203, "dev_accuracy": 0.692, "dev_loss": 9964.976187586784, "dev_mean": 0.9964976187586785, "Report": {"-": {"precision": 0.0, "recall": 0.0, "f1-score": 0.0, "support": 158}, "contradiction": {"precision": 0.7264824588637069, "recall": 0.713849908480781, "f1-score": 0.7201107862748115, "support": 3278}, "entailment": {"precision": 0.7077147016011645, "recall": 0.7302493241213578, "f1-score": 0.7188054405677113, "support": 3329}, "neutral": {"precision": 0.6438397129186603, "recall": 0.6655332302936631, "f1-score": 0.6545067639458884, "support": 3235}, "micro avg": {"precision": 0.6924, "recall": 0.6924, "f1-score": 0.6924, "support": 10000}, "macro avg": {"precision": 0.5195092183458829, "recall": 0.5274081157239505, "f1-score": 0.5233557476971028, "support": 10000}, "weighted avg": {"precision": 0.6820213213077373, "recall": 0.6924, "f1-score": 0.6870755850423691, "support": 10000}}}
{"epoch": 4, "train_accuracy": 0.8906298282286649, "train_loss": 496.3444247459993, "train_mean": 0.00902198354532399, "dev_accuracy": 0.687, "dev_loss": 12694.819894254208, "dev_mean": 1.2694819894254208, "Report": {"-": {"precision": 0.0, "recall": 0.0, "f1-score": 0.0, "support": 158}, "contradiction": {"precision": 0.6390232108317214, "recall": 0.8062843197071385, "f1-score": 0.7129754518478554, "support": 3278}, "entailment": {"precision": 0.7092360319270239, "recall": 0.7473715830579754, "f1-score": 0.7278045926575982, "support": 3329}, "neutral": {"precision": 0.7381154499151104, "recall": 0.5375579598145286, "f1-score": 0.6220711858343766, "support": 3235}, "micro avg": {"precision": 0.687, "recall": 0.687, "f1-score": 0.687, "support": 10000}, "macro avg": {"precision": 0.5215936731684638, "recall": 0.5228034656449105, "f1-score": 0.5157128075849575, "support": 10000}, "weighted avg": {"precision": 0.6843568315866827, "recall": 0.687, "f1-score": 0.6772395306288623, "support": 10000}}}
