{"epoch": 0, "train_accuracy": 0.6627828773970735, "train_loss": 1340.1587384343147, "train_mean": 0.024359878913647454, "dev_accuracy": 0.656, "dev_loss": 8256.899757623672, "dev_mean": 0.8256899757623672, "Report": {"-": {"precision": 0.0, "recall": 0.0, "f1-score": 0.0, "support": 158}, "contradiction": {"precision": 0.7158273381294964, "recall": 0.7284929835265406, "f1-score": 0.7221046265497431, "support": 3278}, "entailment": {"precision": 0.8621236133122029, "recall": 0.49023730850105135, "f1-score": 0.6250478743776331, "support": 3329}, "neutral": {"precision": 0.5330119471808845, "recall": 0.7860896445131376, "f1-score": 0.635273544841369, "support": 3235}, "micro avg": {"precision": 0.6563, "recall": 0.6563, "f1-score": 0.6563, "support": 10000}, "macro avg": {"precision": 0.5277407246556459, "recall": 0.5012049841351824, "f1-score": 0.49560651144218626, "support": 10000}, "weighted avg": {"precision": 0.6940785172234974, "recall": 0.6563, "f1-score": 0.6502953257195028, "support": 10000}}}
{"epoch": 1, "train_accuracy": 0.7491774970462601, "train_loss": 1070.4936538338661, "train_mean": 0.019458214193108538, "dev_accuracy": 0.653, "dev_loss": 8300.40716445446, "dev_mean": 0.830040716445446, "Report": {"-": {"precision": 0.0, "recall": 0.0, "f1-score": 0.0, "support": 158}, "contradiction": {"precision": 0.764686684073107, "recall": 0.714765100671141, "f1-score": 0.7388836329233681, "support": 3278}, "entailment": {"precision": 0.8927483241925656, "recall": 0.44007209372183836, "f1-score": 0.5895372233400402, "support": 3329}, "neutral": {"precision": 0.5135033050047214, "recall": 0.8404945904173107, "f1-score": 0.6375146541617819, "support": 3235}, "micro avg": {"precision": 0.6527, "recall": 0.6527, "f1-score": 0.6527, "support": 10000}, "macro avg": {"precision": 0.5427345783175985, "recall": 0.4988329462025725, "f1-score": 0.4914838776062975, "support": 10000}, "weighted avg": {"precision": 0.7139785313318969, "recall": 0.6527, "f1-score": 0.6446989871435159, "support": 10000}}}
{"epoch": 2, "train_accuracy": 0.8047805144051622, "train_loss": 856.9444962888956, "train_mean": 0.015576560870469791, "dev_accuracy": 0.654, "dev_loss": 9207.210868418217, "dev_mean": 0.9207210868418216, "Report": {"-": {"precision": 0.0, "recall": 0.0, "f1-score": 0.0, "support": 158}, "contradiction": {"precision": 0.7585326953748006, "recall": 0.7254423428920074, "f1-score": 0.7416185872446593, "support": 3278}, "entailment": {"precision": 0.8835070508890251, "recall": 0.4328627215379994, "f1-score": 0.5810483870967742, "support": 3329}, "neutral": {"precision": 0.5198700802445548, "recall": 0.841112828438949, "f1-score": 0.6425788168614948, "support": 3235}, "micro avg": {"precision": 0.654, "recall": 0.654, "f1-score": 0.654, "support": 10000}, "macro avg": {"precision": 0.5404774566270951, "recall": 0.49985447321723897, "f1-score": 0.4913114478007321, "support": 10000}, "weighted avg": {"precision": 0.7109444857439297, "recall": 0.654, "f1-score": 0.644407828218009, "support": 10000}}}
{"epoch": 3, "train_accuracy": 0.8607288921203308, "train_loss": 633.8328792080283, "train_mean": 0.011521092051404678, "dev_accuracy": 0.622, "dev_loss": 11111.364078342915, "dev_mean": 1.1111364078342914, "Report": {"-": {"precision": 0.0, "recall": 0.0, "f1-score": 0.0, "support": 158}, "contradiction": {"precision": 0.7258575958489478, "recall": 0.7681513117754728, "f1-score": 0.746405809989625, "support": 3278}, "entailment": {"precision": 0.9131914893617021, "recall": 0.3223190147191349, "f1-score": 0.47646536412078155, "support": 3329}, "neutral": {"precision": 0.49066467513069456, "recall": 0.8123647604327666, "f1-score": 0.6118030497031777, "support": 3235}, "micro avg": {"precision": 0.6219, "recall": 0.6219, "f1-score": 0.6219, "support": 10000}, "macro avg": {"precision": 0.5324284400853362, "recall": 0.47570877173184356, "f1-score": 0.45866855595339606, "support": 10000}, "weighted avg": {"precision": 0.7006675891325754, "recall": 0.6219, "f1-score": 0.6012054308093853, "support": 10000}}}
{"epoch": 4, "train_accuracy": 0.8903389984549668, "train_loss": 493.8881192803383, "train_mean": 0.008977335622654518, "dev_accuracy": 0.647, "dev_loss": 12566.546496212482, "dev_mean": 1.2566546496212483, "Report": {"-": {"precision": 0.0, "recall": 0.0, "f1-score": 0.0, "support": 158}, "contradiction": {"precision": 0.5947940151670424, "recall": 0.8852959121415497, "f1-score": 0.7115361039597892, "support": 3278}, "entailment": {"precision": 0.8696837513631407, "recall": 0.4791228597176329, "f1-score": 0.6178578345922912, "support": 3329}, "neutral": {"precision": 0.5993306966839063, "recall": 0.6089644513137558, "f1-score": 0.6041091689665746, "support": 3235}, "micro avg": {"precision": 0.6467, "recall": 0.6467, "f1-score": 0.6467, "support": 10000}, "macro avg": {"precision": 0.5159521158035223, "recall": 0.49334580579323456, "f1-score": 0.4833757768796637, "support": 10000}, "weighted avg": {"precision": 0.6783746793777896, "recall": 0.6467, "f1-score": 0.6343557241744795, "support": 10000}}}
