{"epoch": 0, "train_accuracy": 0.6221394165227665, "train_loss": 1461.0987794995308, "train_mean": 0.026558189212024554, "dev_accuracy": 0.64, "dev_loss": 8939.82217168808, "dev_mean": 0.893982217168808, "Report": {"-": {"precision": 0.0, "recall": 0.0, "f1-score": 0.0, "support": 158}, "contradiction": {"precision": 0.5742826780021254, "recall": 0.8242830994508847, "f1-score": 0.6769384943003884, "support": 3278}, "entailment": {"precision": 0.7733686067019401, "recall": 0.5268849504355663, "f1-score": 0.6267643380382347, "support": 3329}, "neutral": {"precision": 0.6425503799141064, "recall": 0.6012364760432767, "f1-score": 0.6212072820185245, "support": 3235}, "micro avg": {"precision": 0.6401, "recall": 0.6401, "f1-score": 0.6401, "support": 10000}, "macro avg": {"precision": 0.497550416154543, "recall": 0.4881011314824319, "f1-score": 0.48122752858928697, "support": 10000}, "weighted avg": {"precision": 0.6535693189223859, "recall": 0.6401, "f1-score": 0.6315108422975884, "support": 10000}}}
{"epoch": 1, "train_accuracy": 0.7192583840770699, "train_loss": 1161.9706331789494, "train_mean": 0.021120978518203205, "dev_accuracy": 0.695, "dev_loss": 7905.885388970375, "dev_mean": 0.7905885388970375, "Report": {"-": {"precision": 0.0, "recall": 0.0, "f1-score": 0.0, "support": 158}, "contradiction": {"precision": 0.6874656404617921, "recall": 0.7629652226967664, "f1-score": 0.7232504337767496, "support": 3278}, "entailment": {"precision": 0.7887168141592921, "recall": 0.6425352958846501, "f1-score": 0.7081609005131602, "support": 3329}, "neutral": {"precision": 0.6331506849315068, "recall": 0.7143740340030912, "f1-score": 0.6713144517066085, "support": 3235}, "micro avg": {"precision": 0.6951, "recall": 0.6951, "f1-score": 0.6951, "support": 10000}, "macro avg": {"precision": 0.5273332848881478, "recall": 0.5299686381461269, "f1-score": 0.5256814464991295, "support": 10000}, "weighted avg": {"precision": 0.6927393109523463, "recall": 0.6951, "f1-score": 0.6899984810999374, "support": 10000}}}
