{"epoch": 0, "train_accuracy": 0.428210488048714, "train_loss": 3693.9046323895454, "train_mean": 0.06714359051875934, "dev_accuracy": 0.441, "dev_loss": 11283.931910514832, "dev_mean": 1.128393191051483, "Report": {"-": {"precision": 0.0, "recall": 0.0, "f1-score": 0.0, "support": 158}, "contradiction": {"precision": 0.4108568387440128, "recall": 0.23550945698596706, "f1-score": 0.2993988753151057, "support": 3278}, "entailment": {"precision": 0.558926487747958, "recall": 0.2877741063382397, "f1-score": 0.379932579813603, "support": 3329}, "neutral": {"precision": 0.41766817543312, "recall": 0.8272024729520866, "f1-score": 0.5550715619166148, "support": 3235}, "micro avg": {"precision": 0.4406, "recall": 0.4406, "f1-score": 0.4406, "support": 10000}, "macro avg": {"precision": 0.3468628754812727, "recall": 0.33762150906907334, "f1-score": 0.3086007542613308, "support": 10000}, "weighted avg": {"precision": 0.45586115426419693, "recall": 0.4406, "f1-score": 0.40418815742826497, "support": 10000}}}
{"epoch": 1, "train_accuracy": 0.5021539580114515, "train_loss": 3623.158287703991, "train_mean": 0.0658576440553302, "dev_accuracy": 0.556, "dev_loss": 10059.85778349638, "dev_mean": 1.005985778349638, "Report": {"-": {"precision": 0.0, "recall": 0.0, "f1-score": 0.0, "support": 158}, "contradiction": {"precision": 0.5146747352496218, "recall": 0.5189139719341062, "f1-score": 0.5167856600334194, "support": 3278}, "entailment": {"precision": 0.5667808219178082, "recall": 0.5965755482126764, "f1-score": 0.5812966486170056, "support": 3329}, "neutral": {"precision": 0.5869633343779379, "recall": 0.5789799072642967, "f1-score": 0.5829442888266417, "support": 3235}, "micro avg": {"precision": 0.556, "recall": 0.556, "f1-score": 0.556, "support": 10000}, "macro avg": {"precision": 0.417104722886342, "recall": 0.42361735685276986, "f1-score": 0.42025664936926665, "support": 10000}, "weighted avg": {"precision": 0.5472743525025273, "recall": 0.556, "f1-score": 0.5514984711189747, "support": 10000}}}
{"epoch": 2, "train_accuracy": 0.5985458511315096, "train_loss": 2315.1087896823883, "train_mean": 0.04208141033686064, "dev_accuracy": 0.615, "dev_loss": 9168.454881072044, "dev_mean": 0.9168454881072045, "Report": {"-": {"precision": 0.0, "recall": 0.0, "f1-score": 0.0, "support": 158}, "contradiction": {"precision": 0.5705329153605015, "recall": 0.6662599145820622, "f1-score": 0.6146918097382493, "support": 3278}, "entailment": {"precision": 0.6413364872856298, "recall": 0.6515470111144488, "f1-score": 0.6464014304872597, "support": 3329}, "neutral": {"precision": 0.6440860215053763, "recall": 0.5554868624420402, "f1-score": 0.5965145228215768, "support": 3235}, "micro avg": {"precision": 0.615, "recall": 0.615, "f1-score": 0.615, "support": 10000}, "macro avg": {"precision": 0.4639888560378769, "recall": 0.4683234470346378, "f1-score": 0.46440194076177144, "support": 10000}, "weighted avg": {"precision": 0.6088834342295477, "recall": 0.615, "f1-score": 0.6096554595741871, "support": 10000}}}
{"epoch": 3, "train_accuracy": 0.6580568935744797, "train_loss": 1726.382012695074, "train_mean": 0.03138020562928427, "dev_accuracy": 0.649, "dev_loss": 8639.687626719475, "dev_mean": 0.8639687626719474, "Report": {"-": {"precision": 0.0, "recall": 0.0, "f1-score": 0.0, "support": 158}, "contradiction": {"precision": 0.6037783375314861, "recall": 0.7312385600976204, "f1-score": 0.6614238410596026, "support": 3278}, "entailment": {"precision": 0.6783799880881477, "recall": 0.6842895764493842, "f1-score": 0.6813219679976074, "support": 3329}, "neutral": {"precision": 0.6781437125748503, "recall": 0.5601236476043276, "f1-score": 0.6135093956323006, "support": 3235}, "micro avg": {"precision": 0.6487, "recall": 0.6487, "f1-score": 0.6487, "support": 10000}, "macro avg": {"precision": 0.490075509548621, "recall": 0.49391294603783303, "f1-score": 0.48906380117237763, "support": 10000}, "weighted avg": {"precision": 0.6431307280953295, "recall": 0.6487, "f1-score": 0.6420971077327904, "support": 10000}}}
{"epoch": 4, "train_accuracy": 0.7076979005725711, "train_loss": 1583.364634603262, "train_mean": 0.028780598647700845, "dev_accuracy": 0.656, "dev_loss": 8682.648124039173, "dev_mean": 0.8682648124039173, "Report": {"-": {"precision": 0.0, "recall": 0.0, "f1-score": 0.0, "support": 158}, "contradiction": {"precision": 0.6048698167791707, "recall": 0.7654057352043929, "f1-score": 0.6757339078911931, "support": 3278}, "entailment": {"precision": 0.7012905256531319, "recall": 0.6692700510663863, "f1-score": 0.6849062403934829, "support": 3329}, "neutral": {"precision": 0.6814953271028037, "recall": 0.5635239567233384, "f1-score": 0.6169204737732655, "support": 3235}, "micro avg": {"precision": 0.656, "recall": 0.656, "f1-score": 0.656, "support": 10000}, "macro avg": {"precision": 0.4969139173837766, "recall": 0.49954993574852935, "f1-score": 0.4943901555144854, "support": 10000}, "weighted avg": {"precision": 0.6521996802478968, "recall": 0.656, "f1-score": 0.6490846356993749, "support": 10000}}}
