{"epoch": 0, "train_accuracy": 0.6216849950013633, "train_loss": 1457.2150192260742, "train_mean": 0.026487594641935366, "dev_accuracy": 0.658, "dev_loss": 8538.540807664394, "dev_mean": 0.8538540807664394, "Report": {"-": {"precision": 0.0, "recall": 0.0, "f1-score": 0.0, "support": 158}, "contradiction": {"precision": 0.5892143808255659, "recall": 0.8099450884685784, "f1-score": 0.6821685508735867, "support": 3278}, "entailment": {"precision": 0.7265333785157574, "recall": 0.6440372484229498, "f1-score": 0.6828025477707006, "support": 3329}, "neutral": {"precision": 0.7023200943767204, "recall": 0.5520865533230294, "f1-score": 0.6182069920387677, "support": 3235}, "micro avg": {"precision": 0.6585, "recall": 0.6585, "f1-score": 0.6585, "support": 10000}, "macro avg": {"precision": 0.5045169634295109, "recall": 0.5015172225536394, "f1-score": 0.49579452267076374, "support": 10000}, "weighted avg": {"precision": 0.6622079862733852, "recall": 0.6585, "f1-score": 0.6509097810537694, "support": 10000}}}
{"epoch": 1, "train_accuracy": 0.7135690266291012, "train_loss": 1184.409030854702, "train_mean": 0.021528838150589875, "dev_accuracy": 0.695, "dev_loss": 7726.998088717461, "dev_mean": 0.772699808871746, "Report": {"-": {"precision": 0.0, "recall": 0.0, "f1-score": 0.0, "support": 158}, "contradiction": {"precision": 0.675227394328518, "recall": 0.7699816961561928, "f1-score": 0.7194982896237172, "support": 3278}, "entailment": {"precision": 0.743953563366656, "recall": 0.693000901171523, "f1-score": 0.7175738724727837, "support": 3329}, "neutral": {"precision": 0.6706738373932299, "recall": 0.6553323029366306, "f1-score": 0.6629143214509068, "support": 3235}, "micro avg": {"precision": 0.6951, "recall": 0.6951, "f1-score": 0.6951, "support": 10000}, "macro avg": {"precision": 0.522463698772101, "recall": 0.5295787250660866, "f1-score": 0.524996620886852, "support": 10000}, "weighted avg": {"precision": 0.6859646675023577, "recall": 0.6951, "f1-score": 0.6891846644742126, "support": 10000}}}
{"epoch": 2, "train_accuracy": 0.7697355266745433, "train_loss": 984.0386855304241, "train_mean": 0.01788673426393573, "dev_accuracy": 0.696, "dev_loss": 8274.70763784647, "dev_mean": 0.827470763784647, "Report": {"-": {"precision": 0.0, "recall": 0.0, "f1-score": 0.0, "support": 158}, "contradiction": {"precision": 0.6716952186141651, "recall": 0.8014032946918853, "f1-score": 0.7308387814716929, "support": 3278}, "entailment": {"precision": 0.7637877211238293, "recall": 0.6614598978672274, "f1-score": 0.7089504185447519, "support": 3329}, "neutral": {"precision": 0.6631316281971303, "recall": 0.6571870170015456, "f1-score": 0.6601459400714175, "support": 3235}, "micro avg": {"precision": 0.6955, "recall": 0.6955, "f1-score": 0.6955, "support": 10000}, "macro avg": {"precision": 0.5246536419837812, "recall": 0.5300125523901645, "f1-score": 0.5249837850219656, "support": 10000}, "weighted avg": {"precision": 0.6889697067456177, "recall": 0.6955, "f1-score": 0.6891357585130724, "support": 10000}}}
{"epoch": 3, "train_accuracy": 0.8255748432245751, "train_loss": 762.464331112802, "train_mean": 0.013859208054399746, "dev_accuracy": 0.676, "dev_loss": 10101.45284551382, "dev_mean": 1.010145284551382, "Report": {"-": {"precision": 0.0, "recall": 0.0, "f1-score": 0.0, "support": 158}, "contradiction": {"precision": 0.6332547169811321, "recall": 0.8190970103721782, "f1-score": 0.7142857142857144, "support": 3278}, "entailment": {"precision": 0.7711670480549199, "recall": 0.607389606488435, "f1-score": 0.6795496555200807, "support": 3329}, "neutral": {"precision": 0.6526449968132568, "recall": 0.6330757341576507, "f1-score": 0.6427114388827868, "support": 3235}, "micro avg": {"precision": 0.6755, "recall": 0.6755, "f1-score": 0.6755, "support": 10000}, "macro avg": {"precision": 0.5142666904623272, "recall": 0.514890587754566, "f1-score": 0.5091367021721455, "support": 10000}, "weighted avg": {"precision": 0.6754330629929866, "recall": 0.6755, "f1-score": 0.6682820879440735, "support": 10000}}}
{"epoch": 4, "train_accuracy": 0.8745251295101336, "train_loss": 564.1557838432491, "train_mean": 0.010254581184099774, "dev_accuracy": 0.699, "dev_loss": 10457.02214115858, "dev_mean": 1.045702214115858, "Report": {"-": {"precision": 0.0, "recall": 0.0, "f1-score": 0.0, "support": 158}, "contradiction": {"precision": 0.7648077589192934, "recall": 0.673581452104942, "f1-score": 0.7163017031630171, "support": 3278}, "entailment": {"precision": 0.6709677419354839, "recall": 0.8122559327125263, "f1-score": 0.7348824568555511, "support": 3329}, "neutral": {"precision": 0.6746675316250406, "recall": 0.642967542503864, "f1-score": 0.6584362139917697, "support": 3235}, "micro avg": {"precision": 0.6992, "recall": 0.6992, "f1-score": 0.6992, "support": 10000}, "macro avg": {"precision": 0.5276107581199545, "recall": 0.5322012318303331, "f1-score": 0.5274050935025845, "support": 10000}, "weighted avg": {"precision": 0.6923240911447677, "recall": 0.6992, "f1-score": 0.6924501834103874, "support": 10000}}}
