{"epoch": 0, "train_accuracy": 0.6232482050349905, "train_loss": 1453.8140875399113, "train_mean": 0.02642577637989478, "dev_accuracy": 0.636, "dev_loss": 8951.871766149998, "dev_mean": 0.8951871766149998, "Report": {"-": {"precision": 0.0, "recall": 0.0, "f1-score": 0.0, "support": 158}, "contradiction": {"precision": 0.5591442090104917, "recall": 0.8291641244661379, "f1-score": 0.6678953188352378, "support": 3278}, "entailment": {"precision": 0.766637856525497, "recall": 0.5328927605887654, "f1-score": 0.6287435761119972, "support": 3329}, "neutral": {"precision": 0.6619469026548672, "recall": 0.5780525502318392, "f1-score": 0.6171617161716172, "support": 3235}, "micro avg": {"precision": 0.6362, "recall": 0.6362, "f1-score": 0.6362, "support": 10000}, "macro avg": {"precision": 0.49693224204771397, "recall": 0.48502735882168563, "f1-score": 0.47845015277971303, "support": 10000}, "weighted avg": {"precision": 0.6526410371598267, "recall": 0.6362, "f1-score": 0.6278966371833928, "support": 10000}}}
{"epoch": 1, "train_accuracy": 0.7032627465236754, "train_loss": 1212.850743919611, "train_mean": 0.022045819211480706, "dev_accuracy": 0.668, "dev_loss": 8244.713918745518, "dev_mean": 0.8244713918745518, "Report": {"-": {"precision": 0.0, "recall": 0.0, "f1-score": 0.0, "support": 158}, "contradiction": {"precision": 0.6010673782521682, "recall": 0.8245881635143381, "f1-score": 0.6953054662379422, "support": 3278}, "entailment": {"precision": 0.7795463589335455, "recall": 0.5884650045058576, "f1-score": 0.670660732625813, "support": 3329}, "neutral": {"precision": 0.6759197324414715, "recall": 0.6247295208655332, "f1-score": 0.6493172690763053, "support": 3235}, "micro avg": {"precision": 0.6683, "recall": 0.6683, "f1-score": 0.6683, "support": 10000}, "macro avg": {"precision": 0.5141333674067963, "recall": 0.5094456722214322, "f1-score": 0.5038208669850152, "support": 10000}, "weighted avg": {"precision": 0.6752009029248541, "recall": 0.6683, "f1-score": 0.6612382262701154, "support": 10000}}}
{"epoch": 2, "train_accuracy": 0.7509042988275925, "train_loss": 1049.4565276503563, "train_mean": 0.019075825277658026, "dev_accuracy": 0.692, "dev_loss": 8016.698155879974, "dev_mean": 0.8016698155879974, "Report": {"-": {"precision": 0.0, "recall": 0.0, "f1-score": 0.0, "support": 158}, "contradiction": {"precision": 0.6651773981603154, "recall": 0.7721171446003661, "f1-score": 0.7146689255964987, "support": 3278}, "entailment": {"precision": 0.7807525325615051, "recall": 0.6482427155301892, "f1-score": 0.7083538486788118, "support": 3329}, "neutral": {"precision": 0.6517050422617313, "recall": 0.6911901081916538, "f1-score": 0.6708670867086709, "support": 3235}, "micro avg": {"precision": 0.6925, "recall": 0.6925, "f1-score": 0.6925, "support": 10000}, "macro avg": {"precision": 0.5244087432458879, "recall": 0.5278874920805523, "f1-score": 0.5234724652459953, "support": 10000}, "weighted avg": {"precision": 0.6887842503783466, "recall": 0.6925, "f1-score": 0.6871049725859639, "support": 10000}}}
{"epoch": 3, "train_accuracy": 0.7992547487048987, "train_loss": 868.72639208287, "train_mean": 0.01579071875093829, "dev_accuracy": 0.701, "dev_loss": 8280.166605234146, "dev_mean": 0.8280166605234146, "Report": {"-": {"precision": 0.0, "recall": 0.0, "f1-score": 0.0, "support": 158}, "contradiction": {"precision": 0.7361904761904762, "recall": 0.7074435631482612, "f1-score": 0.7215308027380212, "support": 3278}, "entailment": {"precision": 0.7713310580204779, "recall": 0.678882547311505, "f1-score": 0.7221600894711615, "support": 3329}, "neutral": {"precision": 0.6206632653061225, "recall": 0.7520865533230293, "f1-score": 0.680083857442348, "support": 3235}, "micro avg": {"precision": 0.7012, "recall": 0.7012, "f1-score": 0.7012, "support": 10000}, "macro avg": {"precision": 0.5320461998792692, "recall": 0.5346031659456989, "f1-score": 0.5309436874128827, "support": 10000}, "weighted avg": {"precision": 0.6988839136367857, "recall": 0.7012, "f1-score": 0.6969320188050726, "support": 10000}}}
{"epoch": 4, "train_accuracy": 0.8420612560210852, "train_loss": 684.1417426466942, "train_mean": 0.01243554926195936, "dev_accuracy": 0.696, "dev_loss": 9474.992914438248, "dev_mean": 0.9474992914438247, "Report": {"-": {"precision": 0.0, "recall": 0.0, "f1-score": 0.0, "support": 158}, "contradiction": {"precision": 0.7474481396114587, "recall": 0.6924954240390482, "f1-score": 0.718923198733175, "support": 3278}, "entailment": {"precision": 0.7647854004731328, "recall": 0.6797837188344849, "f1-score": 0.7197837150127228, "support": 3329}, "neutral": {"precision": 0.6063936063936064, "recall": 0.7505409582689335, "f1-score": 0.6708108854814201, "support": 3235}, "micro avg": {"precision": 0.6961, "recall": 0.6961, "f1-score": 0.6961, "support": 10000}, "macro avg": {"precision": 0.5296567866195494, "recall": 0.5307050252856167, "f1-score": 0.5273794498068295, "support": 10000}, "weighted avg": {"precision": 0.6957788916504737, "recall": 0.6961, "f1-score": 0.6922863447257096, "support": 10000}}}
