{"epoch": 0, "train_accuracy": 0.6362628374079796, "train_loss": 1412.0312834084034, "train_mean": 0.02566629616301742, "dev_accuracy": 0.63, "dev_loss": 9026.501036584377, "dev_mean": 0.9026501036584377, "Report": {"-": {"precision": 0.0, "recall": 0.0, "f1-score": 0.0, "support": 158}, "contradiction": {"precision": 0.5566265060240964, "recall": 0.8456375838926175, "f1-score": 0.6713489949140228, "support": 3278}, "entailment": {"precision": 0.7953511874684184, "recall": 0.4728146590567738, "f1-score": 0.5930670685757348, "support": 3329}, "neutral": {"precision": 0.6418941137783624, "recall": 0.6034003091190108, "f1-score": 0.6220522625876355, "support": 3235}, "micro avg": {"precision": 0.6298, "recall": 0.6298, "f1-score": 0.6298, "support": 10000}, "macro avg": {"precision": 0.4984679518177193, "recall": 0.4804631380171005, "f1-score": 0.4716170815193483, "support": 10000}, "weighted avg": {"precision": 0.6548873247902355, "recall": 0.6298, "f1-score": 0.6187341346087788, "support": 10000}}}
{"epoch": 1, "train_accuracy": 0.7316004725983822, "train_loss": 1124.178497761488, "train_mean": 0.02043403613126398, "dev_accuracy": 0.667, "dev_loss": 8542.403612852097, "dev_mean": 0.8542403612852096, "Report": {"-": {"precision": 0.0, "recall": 0.0, "f1-score": 0.0, "support": 158}, "contradiction": {"precision": 0.6058553637753987, "recall": 0.8459426479560708, "f1-score": 0.7060471037555698, "support": 3278}, "entailment": {"precision": 0.8204781235904375, "recall": 0.5464103334334635, "f1-score": 0.6559682654165164, "support": 3329}, "neutral": {"precision": 0.647223955084217, "recall": 0.6414219474497682, "f1-score": 0.6443098897686695, "support": 3235}, "micro avg": {"precision": 0.6667, "recall": 0.6667, "f1-score": 0.6667, "support": 10000}, "macro avg": {"precision": 0.5183893606125133, "recall": 0.5084437322098256, "f1-score": 0.501581314735189, "support": 10000}, "weighted avg": {"precision": 0.6811135050585766, "recall": 0.6667, "f1-score": 0.6582483255083987, "support": 10000}}}
{"epoch": 2, "train_accuracy": 0.8042352085794783, "train_loss": 859.3728320300579, "train_mean": 0.015620700391348866, "dev_accuracy": 0.661, "dev_loss": 9721.734180629253, "dev_mean": 0.9721734180629253, "Report": {"-": {"precision": 0.0, "recall": 0.0, "f1-score": 0.0, "support": 158}, "contradiction": {"precision": 0.6064784416721383, "recall": 0.8453325198291641, "f1-score": 0.7062571683445903, "support": 3278}, "entailment": {"precision": 0.8178823529411765, "recall": 0.5220787023130069, "f1-score": 0.6373303997066373, "support": 3329}, "neutral": {"precision": 0.6361161524500908, "recall": 0.6500772797527048, "f1-score": 0.6430209448096621, "support": 3235}, "micro avg": {"precision": 0.6612, "recall": 0.6612, "f1-score": 0.6612, "support": 10000}, "macro avg": {"precision": 0.5151192367658514, "recall": 0.504372125473719, "f1-score": 0.4966521282152224, "support": 10000}, "weighted avg": {"precision": 0.6768602437918491, "recall": 0.6612, "f1-score": 0.651695665491622, "support": 10000}}}
{"epoch": 3, "train_accuracy": 0.8720894301554122, "train_loss": 581.4001957289875, "train_mean": 0.010568030459492637, "dev_accuracy": 0.686, "dev_loss": 11155.123340308666, "dev_mean": 1.1155123340308666, "Report": {"-": {"precision": 0.0, "recall": 0.0, "f1-score": 0.0, "support": 158}, "contradiction": {"precision": 0.6297665819274324, "recall": 0.8312995729103112, "f1-score": 0.7166337935568704, "support": 3278}, "entailment": {"precision": 0.7538461538461538, "recall": 0.6917993391408831, "f1-score": 0.7214912280701755, "support": 3329}, "neutral": {"precision": 0.6997708174178763, "recall": 0.5663060278207109, "f1-score": 0.6260037587561935, "support": 3235}, "micro avg": {"precision": 0.686, "recall": 0.686, "f1-score": 0.686, "support": 10000}, "macro avg": {"precision": 0.5208458882978657, "recall": 0.5223512349679763, "f1-score": 0.5160321950958098, "support": 10000}, "weighted avg": {"precision": 0.6837687296058799, "recall": 0.686, "f1-score": 0.6776092033101322, "support": 10000}}}
{"epoch": 4, "train_accuracy": 0.9060256293738072, "train_loss": 428.68468756601214, "train_mean": 0.007792141917041028, "dev_accuracy": 0.703, "dev_loss": 11148.792370796204, "dev_mean": 1.1148792370796203, "Report": {"-": {"precision": 0.0, "recall": 0.0, "f1-score": 0.0, "support": 158}, "contradiction": {"precision": 0.7111643220592637, "recall": 0.7248322147651006, "f1-score": 0.7179332225411694, "support": 3278}, "entailment": {"precision": 0.7174280879864636, "recall": 0.764193451486933, "f1-score": 0.7400727272727272, "support": 3329}, "neutral": {"precision": 0.6773778920308483, "recall": 0.6516228748068006, "f1-score": 0.6642508271624389, "support": 3235}, "micro avg": {"precision": 0.7028, "recall": 0.7028, "f1-score": 0.7028, "support": 10000}, "macro avg": {"precision": 0.5264925755191439, "recall": 0.5351621352647086, "f1-score": 0.5305641942440839, "support": 10000}, "weighted avg": {"precision": 0.6910832233336998, "recall": 0.7028, "f1-score": 0.6965938638451352, "support": 10000}}}
