{"epoch": 0, "train_accuracy": 0.6208852131236935, "train_loss": 1451.534658640623, "train_mean": 0.026384343517960977, "dev_accuracy": 0.651, "dev_loss": 8677.479634344578, "dev_mean": 0.8677479634344578, "Report": {"-": {"precision": 0.0, "recall": 0.0, "f1-score": 0.0, "support": 158}, "contradiction": {"precision": 0.5774528501801229, "recall": 0.8312995729103112, "f1-score": 0.6815055645867201, "support": 3278}, "entailment": {"precision": 0.7377170299224234, "recall": 0.599879843796936, "f1-score": 0.6616964877402253, "support": 3329}, "neutral": {"precision": 0.6938616938616938, "recall": 0.5520865533230294, "f1-score": 0.6149079015321054, "support": 3235}, "micro avg": {"precision": 0.6508, "recall": 0.6508, "f1-score": 0.6508, "support": 10000}, "macro avg": {"precision": 0.5022578934910601, "recall": 0.4958164925075691, "f1-score": 0.4895274884647627, "support": 10000}, "weighted avg": {"precision": 0.659339301514477, "recall": 0.6508, "f1-score": 0.6425989909858839, "support": 10000}}}
{"epoch": 1, "train_accuracy": 0.7182041261474144, "train_loss": 1164.5709092020988, "train_mean": 0.021168243373663527, "dev_accuracy": 0.687, "dev_loss": 8104.003673613071, "dev_mean": 0.8104003673613072, "Report": {"-": {"precision": 0.0, "recall": 0.0, "f1-score": 0.0, "support": 158}, "contradiction": {"precision": 0.6233825198637911, "recall": 0.837705918242831, "f1-score": 0.7148249381751919, "support": 3278}, "entailment": {"precision": 0.7564870259481038, "recall": 0.6830880144187443, "f1-score": 0.7179163378058405, "support": 3329}, "neutral": {"precision": 0.7149478563151797, "recall": 0.5721792890262751, "f1-score": 0.6356456043956045, "support": 3235}, "micro avg": {"precision": 0.6871, "recall": 0.6871, "f1-score": 0.6871, "support": 10000}, "macro avg": {"precision": 0.5237043505317687, "recall": 0.5232433054219626, "f1-score": 0.5170967200941592, "support": 10000}, "weighted avg": {"precision": 0.6874649524674351, "recall": 0.6871, "f1-score": 0.6789453166113703, "support": 10000}}}
{"epoch": 2, "train_accuracy": 0.7804962283013723, "train_loss": 945.6158574819565, "train_mean": 0.017188327864799718, "dev_accuracy": 0.694, "dev_loss": 8351.702507913113, "dev_mean": 0.8351702507913112, "Report": {"-": {"precision": 0.0, "recall": 0.0, "f1-score": 0.0, "support": 158}, "contradiction": {"precision": 0.6616902834008097, "recall": 0.7977425259304454, "f1-score": 0.7233748271092669, "support": 3278}, "entailment": {"precision": 0.7369578881206789, "recall": 0.7044157404626014, "f1-score": 0.7203194593764399, "support": 3329}, "neutral": {"precision": 0.6908583391486393, "recall": 0.6120556414219475, "f1-score": 0.6490739223078185, "support": 3235}, "micro avg": {"precision": 0.694, "recall": 0.694, "f1-score": 0.694, "support": 10000}, "macro avg": {"precision": 0.522376627667532, "recall": 0.5285534769537485, "f1-score": 0.5231920521983814, "support": 10000}, "weighted avg": {"precision": 0.6857280285687443, "recall": 0.694, "f1-score": 0.6868920302194138, "support": 10000}}}
{"epoch": 3, "train_accuracy": 0.848877578842134, "train_loss": 675.3178899018094, "train_mean": 0.012275159318400607, "dev_accuracy": 0.695, "dev_loss": 10559.691328525543, "dev_mean": 1.0559691328525542, "Report": {"-": {"precision": 0.0, "recall": 0.0, "f1-score": 0.0, "support": 158}, "contradiction": {"precision": 0.7251021049324536, "recall": 0.7040878584502746, "f1-score": 0.7144404890883764, "support": 3278}, "entailment": {"precision": 0.7020272146625938, "recall": 0.7593872033643737, "f1-score": 0.7295815295815296, "support": 3329}, "neutral": {"precision": 0.658271144278607, "recall": 0.6544049459041731, "f1-score": 0.6563323515733995, "support": 3235}, "micro avg": {"precision": 0.6953, "recall": 0.6953, "f1-score": 0.6953, "support": 10000}, "macro avg": {"precision": 0.5213501159684136, "recall": 0.5294700019297054, "f1-score": 0.5250885925608264, "support": 10000}, "weighted avg": {"precision": 0.684344044932165, "recall": 0.6953, "f1-score": 0.6893947992548557, "support": 10000}}}
{"epoch": 4, "train_accuracy": 0.892738344087976, "train_loss": 482.4814278529957, "train_mean": 0.008769997779750899, "dev_accuracy": 0.692, "dev_loss": 13331.592700839043, "dev_mean": 1.3331592700839043, "Report": {"-": {"precision": 0.0, "recall": 0.0, "f1-score": 0.0, "support": 158}, "contradiction": {"precision": 0.6342549203373946, "recall": 0.8258084197681513, "f1-score": 0.7174662072621258, "support": 3278}, "entailment": {"precision": 0.7814710042432814, "recall": 0.6638630219285071, "f1-score": 0.7178820854312163, "support": 3329}, "neutral": {"precision": 0.6906648294867379, "recall": 0.6197836166924265, "f1-score": 0.6533072662104921, "support": 3235}, "micro avg": {"precision": 0.6922, "recall": 0.6922, "f1-score": 0.6922, "support": 10000}, "macro avg": {"precision": 0.5265976885168535, "recall": 0.5273637645972712, "f1-score": 0.5221638897259586, "support": 10000}, "weighted avg": {"precision": 0.691490532538146, "recall": 0.6922, "f1-score": 0.685513269599671, "support": 10000}}}
