{"epoch": 0, "train_accuracy": 0.6313550849768245, "train_loss": 1427.2665601372719, "train_mean": 0.0259432256682227, "dev_accuracy": 0.608, "dev_loss": 9340.287426829338, "dev_mean": 0.9340287426829338, "Report": {"-": {"precision": 0.0, "recall": 0.0, "f1-score": 0.0, "support": 158}, "contradiction": {"precision": 0.510896309314587, "recall": 0.8868212324588164, "f1-score": 0.6483050847457626, "support": 3278}, "entailment": {"precision": 0.8052219321148825, "recall": 0.46320216281165516, "f1-score": 0.5881006864988557, "support": 3329}, "neutral": {"precision": 0.683089770354906, "recall": 0.5057187017001545, "f1-score": 0.5811722912966252, "support": 3235}, "micro avg": {"precision": 0.6085, "recall": 0.6085, "f1-score": 0.6085, "support": 10000}, "macro avg": {"precision": 0.4998020029460939, "recall": 0.46393552424265655, "f1-score": 0.45439451563531086, "support": 10000}, "weighted avg": {"precision": 0.6565097321041782, "recall": 0.6085, "f1-score": 0.5963023615495883, "support": 10000}}}
{"epoch": 1, "train_accuracy": 0.7312187585204035, "train_loss": 1129.0172733962536, "train_mean": 0.02052198988269115, "dev_accuracy": 0.676, "dev_loss": 8239.146378695965, "dev_mean": 0.8239146378695965, "Report": {"-": {"precision": 0.0, "recall": 0.0, "f1-score": 0.0, "support": 158}, "contradiction": {"precision": 0.5934569702021254, "recall": 0.8688224527150702, "f1-score": 0.7052123313111303, "support": 3278}, "entailment": {"precision": 0.7749909123954926, "recall": 0.6404325623310303, "f1-score": 0.7013157894736842, "support": 3329}, "neutral": {"precision": 0.7244897959183674, "recall": 0.5486862442040186, "f1-score": 0.6244503078276166, "support": 3235}, "micro avg": {"precision": 0.6755, "recall": 0.6755, "f1-score": 0.6755, "support": 10000}, "macro avg": {"precision": 0.5232344196289963, "recall": 0.5144853148125297, "f1-score": 0.5077446071531078, "support": 10000}, "weighted avg": {"precision": 0.686902118548308, "recall": 0.6755, "f1-score": 0.6666463031018119, "support": 10000}}}
{"epoch": 2, "train_accuracy": 0.8093429064800509, "train_loss": 840.8435688763857, "train_mean": 0.015283896553237948, "dev_accuracy": 0.673, "dev_loss": 8960.129786491394, "dev_mean": 0.8960129786491394, "Report": {"-": {"precision": 0.0, "recall": 0.0, "f1-score": 0.0, "support": 158}, "contradiction": {"precision": 0.6018217306441119, "recall": 0.8465527760829774, "f1-score": 0.703511218151857, "support": 3278}, "entailment": {"precision": 0.7705035971223022, "recall": 0.6434364674076299, "f1-score": 0.7012604354231462, "support": 3329}, "neutral": {"precision": 0.6952855500191645, "recall": 0.560741885625966, "f1-score": 0.6208076659822039, "support": 3235}, "micro avg": {"precision": 0.6731, "recall": 0.6731, "f1-score": 0.6731, "support": 10000}, "macro avg": {"precision": 0.5169027194463947, "recall": 0.5126827822791433, "f1-score": 0.5063948298893017, "support": 10000}, "weighted avg": {"precision": 0.678702686218354, "recall": 0.6731, "f1-score": 0.664891856207787, "support": 10000}}}
