{"epoch": 0, "train_accuracy": 0.5977097155321276, "train_loss": 1513.1291823387146, "train_mean": 0.027503938604720796, "dev_accuracy": 0.648, "dev_loss": 8675.799939215183, "dev_mean": 0.8675799939215183, "Report": {"-": {"precision": 0.0, "recall": 0.0, "f1-score": 0.0, "support": 158}, "contradiction": {"precision": 0.6127463527002815, "recall": 0.7303233679072605, "f1-score": 0.6663883089770355, "support": 3278}, "entailment": {"precision": 0.691468890314304, "recall": 0.6476419345148693, "f1-score": 0.6688382193268188, "support": 3329}, "neutral": {"precision": 0.6473949579831932, "recall": 0.5953632148377125, "f1-score": 0.6202898550724637, "support": 3235}, "micro avg": {"precision": 0.6476, "recall": 0.6476, "f1-score": 0.6476, "support": 10000}, "macro avg": {"precision": 0.4879025502494447, "recall": 0.4933321293149605, "f1-score": 0.4888790958440795, "support": 10000}, "weighted avg": {"precision": 0.6404805169083471, "recall": 0.6476, "f1-score": 0.6417620990125122, "support": 10000}}}
{"epoch": 1, "train_accuracy": 0.6988094156139235, "train_loss": 1229.3500276505947, "train_mean": 0.022345724396084607, "dev_accuracy": 0.684, "dev_loss": 7971.766129910946, "dev_mean": 0.7971766129910945, "Report": {"-": {"precision": 0.0, "recall": 0.0, "f1-score": 0.0, "support": 158}, "contradiction": {"precision": 0.6615755627009646, "recall": 0.7532031726662599, "f1-score": 0.7044222539229672, "support": 3278}, "entailment": {"precision": 0.734707018673535, "recall": 0.6854911384800241, "f1-score": 0.7092463092463092, "support": 3329}, "neutral": {"precision": 0.6603415559772297, "recall": 0.6454404945904173, "f1-score": 0.652806002813819, "support": 3235}, "micro avg": {"precision": 0.6839, "recall": 0.6839, "f1-score": 0.6839, "support": 10000}, "macro avg": {"precision": 0.5141560343379323, "recall": 0.5210337014341753, "f1-score": 0.5166186414957739, "support": 10000}, "weighted avg": {"precision": 0.6750689293284299, "recall": 0.6839, "f1-score": 0.6782004530943153, "support": 10000}}}
{"epoch": 2, "train_accuracy": 0.754739616468236, "train_loss": 1043.0006543025374, "train_mean": 0.018958477766109923, "dev_accuracy": 0.685, "dev_loss": 8114.4132143855095, "dev_mean": 0.811441321438551, "Report": {"-": {"precision": 0.0, "recall": 0.0, "f1-score": 0.0, "support": 158}, "contradiction": {"precision": 0.6608718908799144, "recall": 0.7538133007931666, "f1-score": 0.7042895824426393, "support": 3278}, "entailment": {"precision": 0.7402936378466558, "recall": 0.6815860618804446, "f1-score": 0.7097278698780106, "support": 3329}, "neutral": {"precision": 0.6598873591989988, "recall": 0.6519319938176198, "f1-score": 0.6558855543461359, "support": 3235}, "micro avg": {"precision": 0.6849, "recall": 0.6849, "f1-score": 0.6849, "support": 10000}, "macro avg": {"precision": 0.5152632219813923, "recall": 0.5218328391228078, "f1-score": 0.5174757516666965, "support": 10000}, "weighted avg": {"precision": 0.6765511185704638, "recall": 0.6849, "f1-score": 0.6793135098380618, "support": 10000}}}
{"epoch": 3, "train_accuracy": 0.8181950377169863, "train_loss": 808.5043974742293, "train_mean": 0.014696071934458408, "dev_accuracy": 0.68, "dev_loss": 9472.871585130692, "dev_mean": 0.9472871585130691, "Report": {"-": {"precision": 0.0, "recall": 0.0, "f1-score": 0.0, "support": 158}, "contradiction": {"precision": 0.6490716180371353, "recall": 0.7464917632702868, "f1-score": 0.6943813847900113, "support": 3278}, "entailment": {"precision": 0.70096921322691, "recall": 0.7386602583358366, "f1-score": 0.7193213397689044, "support": 3329}, "neutral": {"precision": 0.6939750183688465, "recall": 0.5839258114374034, "f1-score": 0.6342118516031561, "support": 3235}, "micro avg": {"precision": 0.6795, "recall": 0.6795, "f1-score": 0.6795, "support": 10000}, "macro avg": {"precision": 0.511003962408223, "recall": 0.5172694582608817, "f1-score": 0.511978644040518, "support": 10000}, "weighted avg": {"precision": 0.6706192459181332, "recall": 0.6795, "f1-score": 0.6722478259368551, "support": 10000}}}
{"epoch": 4, "train_accuracy": 0.8834317913296373, "train_loss": 538.890791401267, "train_mean": 0.009795342931950687, "dev_accuracy": 0.681, "dev_loss": 10952.803128242493, "dev_mean": 1.0952803128242492, "Report": {"-": {"precision": 0.0, "recall": 0.0, "f1-score": 0.0, "support": 158}, "contradiction": {"precision": 0.7077217613273772, "recall": 0.6766320927394753, "f1-score": 0.6918278228321897, "support": 3278}, "entailment": {"precision": 0.6740416773861589, "recall": 0.7870231300690899, "f1-score": 0.7261640798226164, "support": 3329}, "neutral": {"precision": 0.6629741524001342, "recall": 0.6105100463678517, "f1-score": 0.6356614097199872, "support": 3235}, "micro avg": {"precision": 0.6813, "recall": 0.6813, "f1-score": 0.6813, "support": 10000}, "macro avg": {"precision": 0.5111843977784176, "recall": 0.5185413172941042, "f1-score": 0.5134133280936983, "support": 10000}, "weighted avg": {"precision": 0.6708518060664099, "recall": 0.6813, "f1-score": 0.6741576485417566, "support": 10000}}}
