{"epoch": 0, "train_accuracy": 0.5623557211669544, "train_loss": 199.09794026613235, "train_mean": 0.003618975556959599, "dev_accuracy": 0.621, "dev_loss": 9349.173144102097, "dev_mean": 0.9349173144102096, "Report": {"-": {"precision": 0.0, "recall": 0.0, "f1-score": 0.0, "support": 158}, "contradiction": {"precision": 0.5645706558485463, "recall": 0.7641854789505796, "f1-score": 0.6493843162670123, "support": 3278}, "entailment": {"precision": 0.7209923664122138, "recall": 0.5674376689696605, "f1-score": 0.6350647167591192, "support": 3329}, "neutral": {"precision": 0.6167176350662589, "recall": 0.5610510046367851, "f1-score": 0.5875687924894788, "support": 3235}, "micro avg": {"precision": 0.6209, "recall": 0.6209, "f1-score": 0.6209, "support": 10000}, "macro avg": {"precision": 0.47557016433175475, "recall": 0.4731685381392563, "f1-score": 0.4680044563789026, "support": 10000}, "weighted avg": {"precision": 0.6245927747097142, "recall": 0.6209, "f1-score": 0.6143597274517838, "support": 10000}}}
{"epoch": 1, "train_accuracy": 0.6843951649550123, "train_loss": 159.52808237075806, "train_mean": 0.0028997197558985376, "dev_accuracy": 0.666, "dev_loss": 8362.960462987423, "dev_mean": 0.8362960462987423, "Report": {"-": {"precision": 0.0, "recall": 0.0, "f1-score": 0.0, "support": 158}, "contradiction": {"precision": 0.6425281473899693, "recall": 0.7660158633312996, "f1-score": 0.6988588922905651, "support": 3278}, "entailment": {"precision": 0.7506503158677071, "recall": 0.6067888254731151, "f1-score": 0.6710963455149501, "support": 3329}, "neutral": {"precision": 0.627168479858865, "recall": 0.6593508500772798, "f1-score": 0.6428571428571429, "support": 3235}, "micro avg": {"precision": 0.6664, "recall": 0.6664, "f1-score": 0.6664, "support": 10000}, "macro avg": {"precision": 0.5050867357791353, "recall": 0.5080388847204236, "f1-score": 0.5032030951656645, "support": 10000}, "weighted avg": {"precision": 0.6634012201011344, "recall": 0.6664, "f1-score": 0.66045820402906, "support": 10000}}}
{"epoch": 2, "train_accuracy": 0.7334181586839953, "train_loss": 139.10012251138687, "train_mean": 0.0025284035719601358, "dev_accuracy": 0.678, "dev_loss": 8321.1847255826, "dev_mean": 0.83211847255826, "Report": {"-": {"precision": 0.0, "recall": 0.0, "f1-score": 0.0, "support": 158}, "contradiction": {"precision": 0.6419723099344182, "recall": 0.8062843197071385, "f1-score": 0.7148073022312373, "support": 3278}, "entailment": {"precision": 0.7718761941153993, "recall": 0.6067888254731151, "f1-score": 0.6794483686511941, "support": 3329}, "neutral": {"precision": 0.6475811390079608, "recall": 0.6537867078825348, "f1-score": 0.6506691278264882, "support": 3235}, "micro avg": {"precision": 0.6778, "recall": 0.6778, "f1-score": 0.6778, "support": 10000}, "macro avg": {"precision": 0.5153574107644446, "recall": 0.5167149632656971, "f1-score": 0.5112311996772299, "support": 10000}, "weighted avg": {"precision": 0.676888606686594, "recall": 0.6778, "f1-score": 0.6709936584472511, "support": 10000}}}
{"epoch": 3, "train_accuracy": 0.7773152776515496, "train_loss": 120.30556890368462, "train_mean": 0.002186777586179853, "dev_accuracy": 0.695, "dev_loss": 8245.335743367672, "dev_mean": 0.8245335743367672, "Report": {"-": {"precision": 0.0, "recall": 0.0, "f1-score": 0.0, "support": 158}, "contradiction": {"precision": 0.6828752642706131, "recall": 0.7882855399633923, "f1-score": 0.7318040215236477, "support": 3278}, "entailment": {"precision": 0.7936447166921899, "recall": 0.6227095223790928, "f1-score": 0.6978623127419626, "support": 3329}, "neutral": {"precision": 0.6365149833518313, "recall": 0.7091190108191654, "f1-score": 0.6708583126188039, "support": 3235}, "micro avg": {"precision": 0.6951, "recall": 0.6951, "f1-score": 0.6951, "support": 10000}, "macro avg": {"precision": 0.5282587410786586, "recall": 0.5300285182904126, "f1-score": 0.5251311617211036, "support": 10000}, "weighted avg": {"precision": 0.6939634349290543, "recall": 0.6951, "f1-score": 0.6892263862994341, "support": 10000}}}
{"epoch": 4, "train_accuracy": 0.8283195492138508, "train_loss": 96.47458264231682, "train_mean": 0.0017536050648426214, "dev_accuracy": 0.683, "dev_loss": 9469.032451629639, "dev_mean": 0.9469032451629639, "Report": {"-": {"precision": 0.0, "recall": 0.0, "f1-score": 0.0, "support": 158}, "contradiction": {"precision": 0.7035663338088445, "recall": 0.7522879804759, "f1-score": 0.7271118973905351, "support": 3278}, "entailment": {"precision": 0.786793953858393, "recall": 0.5941724241513968, "f1-score": 0.6770494608933767, "support": 3329}, "neutral": {"precision": 0.5988445114292891, "recall": 0.7369397217928902, "f1-score": 0.6607538802660754, "support": 3235}, "micro avg": {"precision": 0.6828, "recall": 0.6828, "f1-score": 0.6828, "support": 10000}, "macro avg": {"precision": 0.5223011997741316, "recall": 0.5208500316050467, "f1-score": 0.5162288096374967, "support": 10000}, "weighted avg": {"precision": 0.6862789509093733, "recall": 0.6828, "f1-score": 0.6774909257620979, "support": 10000}}}
