{"epoch": 0, "train_accuracy": 0.6216122875579387, "train_loss": 1455.0324150025845, "train_mean": 0.02644792174866099, "dev_accuracy": 0.652, "dev_loss": 8684.008045434952, "dev_mean": 0.8684008045434952, "Report": {"-": {"precision": 0.0, "recall": 0.0, "f1-score": 0.0, "support": 158}, "contradiction": {"precision": 0.5879120879120879, "recall": 0.8160463697376449, "f1-score": 0.6834440470107307, "support": 3278}, "entailment": {"precision": 0.7567460317460317, "recall": 0.5728446981075398, "f1-score": 0.6520772781672081, "support": 3329}, "neutral": {"precision": 0.6621160409556314, "recall": 0.5996908809891809, "f1-score": 0.6293592862935928, "support": 3235}, "micro avg": {"precision": 0.6522, "recall": 0.6522, "f1-score": 0.6522, "support": 10000}, "macro avg": {"precision": 0.5016935401534378, "recall": 0.4971454872085914, "f1-score": 0.4912201528678829, "support": 10000}, "weighted avg": {"precision": 0.658832875634983, "recall": 0.6522, "f1-score": 0.6447072136279584, "support": 10000}}}
{"epoch": 1, "train_accuracy": 0.7224393347268927, "train_loss": 1155.3998199999332, "train_mean": 0.021001541761336603, "dev_accuracy": 0.702, "dev_loss": 7827.546544134617, "dev_mean": 0.7827546544134617, "Report": {"-": {"precision": 0.0, "recall": 0.0, "f1-score": 0.0, "support": 158}, "contradiction": {"precision": 0.6765702371644514, "recall": 0.7919463087248322, "f1-score": 0.7297259311314124, "support": 3278}, "entailment": {"precision": 0.7664853840924541, "recall": 0.6773805947732051, "f1-score": 0.7191835432945303, "support": 3329}, "neutral": {"precision": 0.6727724309220738, "recall": 0.6698608964451314, "f1-score": 0.6713135068153655, "support": 3235}, "micro avg": {"precision": 0.7018, "recall": 0.7018, "f1-score": 0.7018, "support": 10000}, "macro avg": {"precision": 0.5289570130447449, "recall": 0.5347969499857922, "f1-score": 0.530055745310327, "support": 10000}, "weighted avg": {"precision": 0.6945845895101761, "recall": 0.7018, "f1-score": 0.6957902812423968, "support": 10000}}}
{"epoch": 2, "train_accuracy": 0.7842043079160229, "train_loss": 938.0150486528873, "train_mean": 0.017050169020319684, "dev_accuracy": 0.703, "dev_loss": 8305.028399288654, "dev_mean": 0.8305028399288654, "Report": {"-": {"precision": 0.0, "recall": 0.0, "f1-score": 0.0, "support": 158}, "contradiction": {"precision": 0.6983301396112784, "recall": 0.7782184258694326, "f1-score": 0.7361131149906219, "support": 3278}, "entailment": {"precision": 0.7598398932621748, "recall": 0.6842895764493842, "f1-score": 0.7200885095621937, "support": 3329}, "neutral": {"precision": 0.6584054941773664, "recall": 0.6816074188562596, "f1-score": 0.6698055893074119, "support": 3235}, "micro avg": {"precision": 0.7034, "recall": 0.7034, "f1-score": 0.7034, "support": 10000}, "macro avg": {"precision": 0.5291438817627049, "recall": 0.5360288552937691, "f1-score": 0.5315018034650569, "support": 10000}, "weighted avg": {"precision": 0.694857497597933, "recall": 0.7034, "f1-score": 0.6976974520681278, "support": 10000}}}
